39.97996667,116.3274133,0,0,40807.06258,2011-09-21,1:30:07,Bike
39.97994,116.3274067,0,0,40807.06259,2011-09-21,1:30:08,Bike
39.97995,116.32734,0,0,40807.0626,2011-09-21,1:30:09,Bike
39.97995,116.3272517,0,0,40807.06262,2011-09-21,1:30:10,Bike
39.97994333,116.3272467,0,0,40807.06263,2011-09-21,1:30:11,Bike
39.97995333,116.327215,0,0,40807.06264,2011-09-21,1:30:12,Bike
39.97996667,116.3271583,0,0,40807.06265,2011-09-21,1:30:13,Bike
39.97998167,116.3271467,0,0,40807.06266,2011-09-21,1:30:14,Bike
39.97999,116.327145,0,0,40807.06267,2011-09-21,1:30:15,Bike
39.98000333,116.327125,0,0,40807.06269,2011-09-21,1:30:16,Bike
39.980015,116.3271133,0,0,40807.0627,2011-09-21,1:30:17,Bike
39.98001333,116.3271367,0,0,40807.06271,2011-09-21,1:30:18,Bike
39.98001667,116.3271117,0,0,40807.06272,2011-09-21,1:30:19,Bike
39.98001667,116.3271133,0,0,40807.06273,2011-09-21,1:30:20,Bike
39.98002333,116.3271317,0,0,40807.06274,2011-09-21,1:30:21,Bike
39.98003333,116.32709,0,0,40807.06275,2011-09-21,1:30:22,Bike
39.98004833,116.327045,0,0,40807.06277,2011-09-21,1:30:23,Bike
39.97993167,116.3267367,0,0,40807.06339,2011-09-21,1:31:17,Bike
39.97993667,116.3267083,0,0,40807.0634,2011-09-21,1:31:18,Bike
39.97994333,116.3266783,0,0,40807.06341,2011-09-21,1:31:19,Bike
39.979945,116.3266467,0,0,40807.06343,2011-09-21,1:31:20,Bike
39.97994667,116.3266133,0,0,40807.06344,2011-09-21,1:31:21,Bike
39.979955,116.32658,0,0,40807.06345,2011-09-21,1:31:22,Bike
39.97996667,116.3265517,0,0,40807.06346,2011-09-21,1:31:23,Bike
39.97996667,116.3265217,0,0,40807.06347,2011-09-21,1:31:24,Bike
39.97998,116.326485,0,0,40807.06348,2011-09-21,1:31:25,Bike
39.97997333,116.32646,0,0,40807.0635,2011-09-21,1:31:26,Bike
39.97997,116.3264367,0,0,40807.06351,2011-09-21,1:31:27,Bike
39.97996833,116.3264083,0,0,40807.06352,2011-09-21,1:31:28,Bike
39.97996333,116.32638,0,0,40807.06353,2011-09-21,1:31:29,Bike
39.97995833,116.3263567,0,0,40807.06354,2011-09-21,1:31:30,Bike
39.97995667,116.3263283,0,0,40807.06355,2011-09-21,1:31:31,Bike
39.97998167,116.3263,0,0,40807.06356,2011-09-21,1:31:32,Bike
39.980005,116.3262683,0,0,40807.06358,2011-09-21,1:31:33,Bike
39.97999,116.32623,0,0,40807.06359,2011-09-21,1:31:34,Bike
39.97997167,116.32619,0,0,40807.0636,2011-09-21,1:31:35,Bike
39.97997167,116.326135,0,0,40807.06361,2011-09-21,1:31:36,Bike
39.97997167,116.32606,0,0,40807.06362,2011-09-21,1:31:37,Bike
39.97997667,116.325995,0,0,40807.06363,2011-09-21,1:31:38,Bike
39.97996333,116.3259433,0,0,40807.06365,2011-09-21,1:31:39,Bike
39.97996667,116.325905,0,0,40807.06366,2011-09-21,1:31:40,Bike
39.979985,116.3258733,0,0,40807.06367,2011-09-21,1:31:41,Bike
39.97998833,116.3258367,0,0,40807.06368,2011-09-21,1:31:42,Bike
39.97999667,116.325805,0,0,40807.06369,2011-09-21,1:31:43,Bike
39.98001,116.325775,0,0,40807.0637,2011-09-21,1:31:44,Bike
39.98001667,116.3257417,0,0,40807.06372,2011-09-21,1:31:45,Bike
39.98002167,116.3257083,0,0,40807.06373,2011-09-21,1:31:46,Bike
39.98003167,116.3256583,0,0,40807.06374,2011-09-21,1:31:47,Bike
39.980035,116.3256083,0,0,40807.06375,2011-09-21,1:31:48,Bike
39.980035,116.3255617,0,0,40807.06376,2011-09-21,1:31:49,Bike
39.980035,116.3255167,0,0,40807.06377,2011-09-21,1:31:50,Bike
39.98003167,116.3254817,0,0,40807.06378,2011-09-21,1:31:51,Bike
39.98002833,116.3254567,0,0,40807.0638,2011-09-21,1:31:52,Bike
39.98002167,116.3254283,0,0,40807.06381,2011-09-21,1:31:53,Bike
39.979995,116.3253883,0,0,40807.06382,2011-09-21,1:31:54,Bike
39.97996833,116.3253633,0,0,40807.06383,2011-09-21,1:31:55,Bike
39.97994667,116.3253233,0,0,40807.06384,2011-09-21,1:31:56,Bike
39.97992833,116.3252867,0,0,40807.06385,2011-09-21,1:31:57,Bike
39.97992167,116.3252667,0,0,40807.06387,2011-09-21,1:31:58,Bike
39.97989333,116.325235,0,0,40807.06388,2011-09-21,1:31:59,Bike
39.97987667,116.3252167,0,0,40807.06389,2011-09-21,1:32:00,Bike
39.979865,116.325185,0,0,40807.0639,2011-09-21,1:32:01,Bike
39.97985833,116.325155,0,0,40807.06391,2011-09-21,1:32:02,Bike
39.97985333,116.325095,0,0,40807.06392,2011-09-21,1:32:03,Bike
39.97985167,116.32506,0,0,40807.06394,2011-09-21,1:32:04,Bike
39.97982333,116.3249817,0,0,40807.06395,2011-09-21,1:32:05,Bike
39.97981167,116.3249417,0,0,40807.06396,2011-09-21,1:32:06,Bike
39.97979333,116.3248883,0,0,40807.06397,2011-09-21,1:32:07,Bike
39.97977833,116.3248167,0,0,40807.06398,2011-09-21,1:32:08,Bike
39.97977167,116.32477,0,0,40807.06399,2011-09-21,1:32:09,Bike
39.97977,116.32471,0,0,40807.064,2011-09-21,1:32:10,Bike
39.97976833,116.3246533,0,0,40807.06402,2011-09-21,1:32:11,Bike
39.97977333,116.3246033,0,0,40807.06403,2011-09-21,1:32:12,Bike
39.97977333,116.3245483,0,0,40807.06404,2011-09-21,1:32:13,Bike
39.97976667,116.3244883,0,0,40807.06405,2011-09-21,1:32:14,Bike
39.979765,116.3244417,0,0,40807.06406,2011-09-21,1:32:15,Bike
39.97976333,116.3243783,0,0,40807.06407,2011-09-21,1:32:16,Bike
39.979765,116.324315,0,0,40807.06409,2011-09-21,1:32:17,Bike
39.97977167,116.32427,0,0,40807.0641,2011-09-21,1:32:18,Bike
39.97975667,116.3242283,0,0,40807.06411,2011-09-21,1:32:19,Bike
39.97974,116.32419,0,0,40807.06412,2011-09-21,1:32:20,Bike
39.97972833,116.3241567,0,0,40807.06413,2011-09-21,1:32:21,Bike
39.97971667,116.324135,0,0,40807.06414,2011-09-21,1:32:22,Bike
39.97970167,116.3241167,0,0,40807.06416,2011-09-21,1:32:23,Bike
39.97969167,116.3240967,0,0,40807.06417,2011-09-21,1:32:24,Bike
39.97968667,116.3240883,0,0,40807.06418,2011-09-21,1:32:25,Bike
39.97967167,116.3240367,0,0,40807.06419,2011-09-21,1:32:26,Bike
39.979675,116.323995,0,0,40807.0642,2011-09-21,1:32:27,Bike
39.97968167,116.3239567,0,0,40807.06421,2011-09-21,1:32:28,Bike
39.979675,116.3239083,0,0,40807.06422,2011-09-21,1:32:29,Bike
39.97967,116.3238567,0,0,40807.06424,2011-09-21,1:32:30,Bike
39.97966167,116.3238017,0,0,40807.06425,2011-09-21,1:32:31,Bike
39.97965333,116.3237483,0,0,40807.06426,2011-09-21,1:32:32,Bike
39.97964667,116.3237017,0,0,40807.06427,2011-09-21,1:32:33,Bike
39.97964,116.32366,0,0,40807.06428,2011-09-21,1:32:34,Bike
39.979635,116.3236233,0,0,40807.06429,2011-09-21,1:32:35,Bike
39.97962833,116.3235967,0,0,40807.06431,2011-09-21,1:32:36,Bike
39.97962,116.323565,0,0,40807.06432,2011-09-21,1:32:37,Bike
39.979625,116.3235317,0,0,40807.06433,2011-09-21,1:32:38,Bike
39.97962167,116.3234967,0,0,40807.06434,2011-09-21,1:32:39,Bike
39.97962,116.323475,0,0,40807.06435,2011-09-21,1:32:40,Bike
39.979615,116.3234633,0,0,40807.06436,2011-09-21,1:32:41,Bike
39.979615,116.3234383,0,0,40807.06438,2011-09-21,1:32:42,Bike
39.97961333,116.3234133,0,0,40807.06439,2011-09-21,1:32:43,Bike
39.97961333,116.3233883,0,0,40807.0644,2011-09-21,1:32:44,Bike
39.979615,116.3233467,0,0,40807.06441,2011-09-21,1:32:45,Bike
39.97961833,116.3233083,0,0,40807.06442,2011-09-21,1:32:46,Bike
39.97962,116.32328,0,0,40807.06443,2011-09-21,1:32:47,Bike
39.97962,116.3232467,0,0,40807.06444,2011-09-21,1:32:48,Bike
39.97961833,116.3232167,0,0,40807.06446,2011-09-21,1:32:49,Bike
39.97961667,116.3231817,0,0,40807.06447,2011-09-21,1:32:50,Bike
39.97961833,116.3231433,0,0,40807.06448,2011-09-21,1:32:51,Bike
39.97962333,116.3231117,0,0,40807.06449,2011-09-21,1:32:52,Bike
39.97961667,116.3230883,0,0,40807.0645,2011-09-21,1:32:53,Bike
39.97961667,116.32304,0,0,40807.06451,2011-09-21,1:32:54,Bike
39.97961,116.3230083,0,0,40807.06453,2011-09-21,1:32:55,Bike
39.979605,116.3229717,0,0,40807.06454,2011-09-21,1:32:56,Bike
39.97960667,116.32292,0,0,40807.06455,2011-09-21,1:32:57,Bike
39.97960333,116.3228683,0,0,40807.06456,2011-09-21,1:32:58,Bike
39.97962167,116.32286,0,0,40807.06457,2011-09-21,1:32:59,Bike
39.97964667,116.32284,0,0,40807.06458,2011-09-21,1:33:00,Bike
39.97966833,116.3228083,0,0,40807.06459,2011-09-21,1:33:01,Bike
39.97967833,116.3227783,0,0,40807.06461,2011-09-21,1:33:02,Bike
39.979695,116.3227467,0,0,40807.06462,2011-09-21,1:33:03,Bike
39.9797,116.322715,0,0,40807.06463,2011-09-21,1:33:04,Bike
39.979715,116.3226667,0,0,40807.06464,2011-09-21,1:33:05,Bike
39.97972667,116.3226167,0,0,40807.06465,2011-09-21,1:33:06,Bike
39.97973,116.3225617,0,0,40807.06466,2011-09-21,1:33:07,Bike
39.97973,116.3225117,0,0,40807.06468,2011-09-21,1:33:08,Bike
39.97972667,116.3224533,0,0,40807.06469,2011-09-21,1:33:09,Bike
39.97971333,116.3223967,0,0,40807.0647,2011-09-21,1:33:10,Bike
39.97969,116.3223633,0,0,40807.06471,2011-09-21,1:33:11,Bike
39.97967167,116.3223417,0,0,40807.06472,2011-09-21,1:33:12,Bike
39.97967167,116.322325,0,0,40807.06473,2011-09-21,1:33:13,Bike
39.97966833,116.3222867,0,0,40807.06475,2011-09-21,1:33:14,Bike
39.97967667,116.3222667,0,0,40807.06476,2011-09-21,1:33:15,Bike
39.97967167,116.3222367,0,0,40807.06477,2011-09-21,1:33:16,Bike
39.97967333,116.3221967,0,0,40807.06478,2011-09-21,1:33:17,Bike
39.97967667,116.3221383,0,0,40807.06479,2011-09-21,1:33:18,Bike
39.97968333,116.3220767,0,0,40807.0648,2011-09-21,1:33:19,Bike
39.97967667,116.322015,0,0,40807.06481,2011-09-21,1:33:20,Bike
39.97966667,116.3219633,0,0,40807.06483,2011-09-21,1:33:21,Bike
39.97965667,116.3219133,0,0,40807.06484,2011-09-21,1:33:22,Bike
39.97964833,116.3218717,0,0,40807.06485,2011-09-21,1:33:23,Bike
39.97964,116.3218267,0,0,40807.06486,2011-09-21,1:33:24,Bike
39.97962833,116.3217817,0,0,40807.06487,2011-09-21,1:33:25,Bike
39.97961333,116.3217367,0,0,40807.06488,2011-09-21,1:33:26,Bike
39.97958833,116.3216833,0,0,40807.0649,2011-09-21,1:33:27,Bike
39.97956833,116.3216483,0,0,40807.06491,2011-09-21,1:33:28,Bike
39.97954833,116.3215883,0,0,40807.06492,2011-09-21,1:33:29,Bike
39.97955,116.321545,0,0,40807.06493,2011-09-21,1:33:30,Bike
39.979555,116.3214967,0,0,40807.06494,2011-09-21,1:33:31,Bike
39.97955333,116.32144,0,0,40807.06495,2011-09-21,1:33:32,Bike
39.97954333,116.3213833,0,0,40807.06497,2011-09-21,1:33:33,Bike
39.979545,116.3213383,0,0,40807.06498,2011-09-21,1:33:34,Bike
39.97956,116.321275,0,0,40807.06499,2011-09-21,1:33:35,Bike
39.97956167,116.3212233,0,0,40807.065,2011-09-21,1:33:36,Bike
39.97955,116.3211683,0,0,40807.06501,2011-09-21,1:33:37,Bike
39.97953833,116.32111,0,0,40807.06502,2011-09-21,1:33:38,Bike
39.97953333,116.321055,0,0,40807.06503,2011-09-21,1:33:39,Bike
39.97952333,116.3209867,0,0,40807.06505,2011-09-21,1:33:40,Bike
39.97952333,116.3209583,0,0,40807.06506,2011-09-21,1:33:41,Bike
39.97952667,116.3208717,0,0,40807.06507,2011-09-21,1:33:42,Bike
39.97954667,116.3207967,0,0,40807.06508,2011-09-21,1:33:43,Bike
39.97956333,116.3207383,0,0,40807.06509,2011-09-21,1:33:44,Bike
39.97958833,116.3206633,0,0,40807.0651,2011-09-21,1:33:45,Bike
39.97959333,116.3206133,0,0,40807.06512,2011-09-21,1:33:46,Bike
39.97958833,116.3205633,0,0,40807.06513,2011-09-21,1:33:47,Bike
39.97958333,116.320515,0,0,40807.06514,2011-09-21,1:33:48,Bike
39.97959,116.3204633,0,0,40807.06515,2011-09-21,1:33:49,Bike
39.979585,116.32041,0,0,40807.06516,2011-09-21,1:33:50,Bike
39.97958667,116.3203617,0,0,40807.06517,2011-09-21,1:33:51,Bike
39.979585,116.3203283,0,0,40807.06519,2011-09-21,1:33:52,Bike
39.97958,116.3202933,0,0,40807.0652,2011-09-21,1:33:53,Bike
39.979575,116.3202617,0,0,40807.06521,2011-09-21,1:33:54,Bike
39.97957167,116.3202217,0,0,40807.06522,2011-09-21,1:33:55,Bike
39.97957667,116.3201717,0,0,40807.06523,2011-09-21,1:33:56,Bike
39.97959333,116.32009,0,0,40807.06524,2011-09-21,1:33:57,Bike
39.979595,116.32006,0,0,40807.06525,2011-09-21,1:33:58,Bike
39.97959167,116.319995,0,0,40807.06527,2011-09-21,1:33:59,Bike
39.97960167,116.3199433,0,0,40807.06528,2011-09-21,1:34:00,Bike
39.97961833,116.3198967,0,0,40807.06529,2011-09-21,1:34:01,Bike
39.97962667,116.319855,0,0,40807.0653,2011-09-21,1:34:02,Bike
39.97963333,116.3198167,0,0,40807.06531,2011-09-21,1:34:03,Bike
39.97963833,116.3197683,0,0,40807.06532,2011-09-21,1:34:04,Bike
39.97962833,116.3197333,0,0,40807.06534,2011-09-21,1:34:05,Bike
39.97961833,116.3197033,0,0,40807.06535,2011-09-21,1:34:06,Bike
39.979615,116.31968,0,0,40807.06536,2011-09-21,1:34:07,Bike
39.97960833,116.3196617,0,0,40807.06537,2011-09-21,1:34:08,Bike
39.97961167,116.3196283,0,0,40807.06538,2011-09-21,1:34:09,Bike
39.97961,116.3195983,0,0,40807.06539,2011-09-21,1:34:10,Bike
39.97960833,116.31958,0,0,40807.06541,2011-09-21,1:34:11,Bike
39.97961167,116.3195433,0,0,40807.06542,2011-09-21,1:34:12,Bike
39.979615,116.3195,0,0,40807.06543,2011-09-21,1:34:13,Bike
39.97961333,116.3194533,0,0,40807.06544,2011-09-21,1:34:14,Bike
39.97960667,116.3194117,0,0,40807.06545,2011-09-21,1:34:15,Bike
39.97960667,116.319355,0,0,40807.06546,2011-09-21,1:34:16,Bike
39.97960167,116.3193117,0,0,40807.06547,2011-09-21,1:34:17,Bike
39.97960167,116.3192667,0,0,40807.06549,2011-09-21,1:34:18,Bike
39.97960333,116.3192167,0,0,40807.0655,2011-09-21,1:34:19,Bike
39.9796,116.3191717,0,0,40807.06551,2011-09-21,1:34:20,Bike
39.9796,116.319115,0,0,40807.06552,2011-09-21,1:34:21,Bike
39.97960667,116.3190583,0,0,40807.06553,2011-09-21,1:34:22,Bike
39.9796,116.318965,0,0,40807.06554,2011-09-21,1:34:23,Bike
39.97961833,116.3189417,0,0,40807.06556,2011-09-21,1:34:24,Bike
39.97962167,116.3188983,0,0,40807.06557,2011-09-21,1:34:25,Bike
39.97963667,116.3188767,0,0,40807.06558,2011-09-21,1:34:26,Bike
39.97964833,116.31885,0,0,40807.06559,2011-09-21,1:34:27,Bike
39.97967667,116.3188033,0,0,40807.0656,2011-09-21,1:34:28,Bike
39.979685,116.3187617,0,0,40807.06561,2011-09-21,1:34:29,Bike
39.97969167,116.3187417,0,0,40807.06563,2011-09-21,1:34:30,Bike
39.97970667,116.3186933,0,0,40807.06564,2011-09-21,1:34:31,Bike
39.97973167,116.3186217,0,0,40807.06565,2011-09-21,1:34:32,Bike
39.97974,116.318575,0,0,40807.06566,2011-09-21,1:34:33,Bike
39.97973333,116.3185317,0,0,40807.06567,2011-09-21,1:34:34,Bike
39.97973167,116.3185,0,0,40807.06568,2011-09-21,1:34:35,Bike
39.97973333,116.3184683,0,0,40807.06569,2011-09-21,1:34:36,Bike
39.97974,116.3184433,0,0,40807.06571,2011-09-21,1:34:37,Bike
39.97975167,116.3183983,0,0,40807.06572,2011-09-21,1:34:38,Bike
39.97976,116.3183533,0,0,40807.06573,2011-09-21,1:34:39,Bike
39.979765,116.3183133,0,0,40807.06574,2011-09-21,1:34:40,Bike
39.97977667,116.3182817,0,0,40807.06575,2011-09-21,1:34:41,Bike
39.97978167,116.31827,0,0,40807.06576,2011-09-21,1:34:42,Bike
39.97979167,116.3182417,0,0,40807.06578,2011-09-21,1:34:43,Bike
39.97978833,116.3182067,0,0,40807.06579,2011-09-21,1:34:44,Bike
39.97978333,116.3181583,0,0,40807.0658,2011-09-21,1:34:45,Bike
39.97978167,116.3181067,0,0,40807.06581,2011-09-21,1:34:46,Bike
39.97978333,116.3180633,0,0,40807.06582,2011-09-21,1:34:47,Bike
39.97979,116.31803,0,0,40807.06583,2011-09-21,1:34:48,Bike
39.97979833,116.318,0,0,40807.06584,2011-09-21,1:34:49,Bike
39.97980333,116.3179717,0,0,40807.06586,2011-09-21,1:34:50,Bike
39.97980333,116.3179267,0,0,40807.06587,2011-09-21,1:34:51,Bike
39.97981333,116.3178867,0,0,40807.06588,2011-09-21,1:34:52,Bike
39.97981667,116.3178533,0,0,40807.06589,2011-09-21,1:34:53,Bike
39.97981167,116.317815,0,0,40807.0659,2011-09-21,1:34:54,Bike
39.97980833,116.3177783,0,0,40807.06591,2011-09-21,1:34:55,Bike
39.97981333,116.3177533,0,0,40807.06593,2011-09-21,1:34:56,Bike
39.97981833,116.3177167,0,0,40807.06594,2011-09-21,1:34:57,Bike
39.97982,116.31767,0,0,40807.06595,2011-09-21,1:34:58,Bike
39.97981833,116.3176267,0,0,40807.06596,2011-09-21,1:34:59,Bike
39.97981,116.3175783,0,0,40807.06597,2011-09-21,1:35:00,Bike
39.97979833,116.3175433,0,0,40807.06598,2011-09-21,1:35:01,Bike
39.97978833,116.3175167,0,0,40807.066,2011-09-21,1:35:02,Bike
39.97977833,116.3174817,0,0,40807.06601,2011-09-21,1:35:03,Bike
39.97976833,116.3174467,0,0,40807.06602,2011-09-21,1:35:04,Bike
39.97975833,116.3174183,0,0,40807.06603,2011-09-21,1:35:05,Bike
39.97974833,116.3173817,0,0,40807.06604,2011-09-21,1:35:06,Bike
39.97973833,116.3173517,0,0,40807.06605,2011-09-21,1:35:07,Bike
39.979735,116.3173117,0,0,40807.06606,2011-09-21,1:35:08,Bike
39.97973667,116.3172683,0,0,40807.06608,2011-09-21,1:35:09,Bike
39.97973167,116.3172283,0,0,40807.06609,2011-09-21,1:35:10,Bike
39.97972167,116.3171967,0,0,40807.0661,2011-09-21,1:35:11,Bike
39.97970833,116.3171733,0,0,40807.06611,2011-09-21,1:35:12,Bike
39.97969333,116.3171533,0,0,40807.06612,2011-09-21,1:35:13,Bike
39.97967333,116.3171367,0,0,40807.06613,2011-09-21,1:35:14,Bike
39.97965667,116.31712,0,0,40807.06615,2011-09-21,1:35:15,Bike
39.97964333,116.317085,0,0,40807.06616,2011-09-21,1:35:16,Bike
39.97964,116.3170467,0,0,40807.06617,2011-09-21,1:35:17,Bike
39.97964167,116.3170117,0,0,40807.06618,2011-09-21,1:35:18,Bike
39.97964167,116.3169767,0,0,40807.06619,2011-09-21,1:35:19,Bike
39.97963833,116.3169417,0,0,40807.0662,2011-09-21,1:35:20,Bike
39.979635,116.3169033,0,0,40807.06622,2011-09-21,1:35:21,Bike
39.97962833,116.3168567,0,0,40807.06623,2011-09-21,1:35:22,Bike
39.97962833,116.3168233,0,0,40807.06624,2011-09-21,1:35:23,Bike
39.97963333,116.3167817,0,0,40807.06625,2011-09-21,1:35:24,Bike
39.97963333,116.3167267,0,0,40807.06626,2011-09-21,1:35:25,Bike
39.97963667,116.31668,0,0,40807.06627,2011-09-21,1:35:26,Bike
39.97964833,116.3166283,0,0,40807.06628,2011-09-21,1:35:27,Bike
39.979645,116.316585,0,0,40807.0663,2011-09-21,1:35:28,Bike
39.97966,116.3165317,0,0,40807.06631,2011-09-21,1:35:29,Bike
39.97967667,116.31647,0,0,40807.06632,2011-09-21,1:35:30,Bike
39.97968167,116.3164183,0,0,40807.06633,2011-09-21,1:35:31,Bike
39.97968833,116.3163717,0,0,40807.06634,2011-09-21,1:35:32,Bike
39.97969667,116.3163383,0,0,40807.06635,2011-09-21,1:35:33,Bike
39.97970333,116.3163033,0,0,40807.06637,2011-09-21,1:35:34,Bike
39.97970833,116.316265,0,0,40807.06638,2011-09-21,1:35:35,Bike
39.97970833,116.316225,0,0,40807.06639,2011-09-21,1:35:36,Bike
39.9797,116.31619,0,0,40807.0664,2011-09-21,1:35:37,Bike
39.979695,116.3161567,0,0,40807.06641,2011-09-21,1:35:38,Bike
39.97970167,116.31612,0,0,40807.06642,2011-09-21,1:35:39,Bike
39.97971667,116.316085,0,0,40807.06644,2011-09-21,1:35:40,Bike
39.97972333,116.3160517,0,0,40807.06645,2011-09-21,1:35:41,Bike
39.97973,116.3160133,0,0,40807.06646,2011-09-21,1:35:42,Bike
39.979735,116.3159683,0,0,40807.06647,2011-09-21,1:35:43,Bike
39.97974167,116.3159283,0,0,40807.06648,2011-09-21,1:35:44,Bike
39.97975333,116.315895,0,0,40807.06649,2011-09-21,1:35:45,Bike
39.97976167,116.3158683,0,0,40807.0665,2011-09-21,1:35:46,Bike
39.97977167,116.315835,0,0,40807.06652,2011-09-21,1:35:47,Bike
39.97977333,116.3157967,0,0,40807.06653,2011-09-21,1:35:48,Bike
39.97977,116.3157633,0,0,40807.06654,2011-09-21,1:35:49,Bike
39.97977333,116.3157317,0,0,40807.06655,2011-09-21,1:35:50,Bike
39.97976667,116.3156933,0,0,40807.06656,2011-09-21,1:35:51,Bike
39.97977167,116.315655,0,0,40807.06657,2011-09-21,1:35:52,Bike
39.97976833,116.3156133,0,0,40807.06659,2011-09-21,1:35:53,Bike
39.97976833,116.3155717,0,0,40807.0666,2011-09-21,1:35:54,Bike
39.97977333,116.31554,0,0,40807.06661,2011-09-21,1:35:55,Bike
39.97975833,116.3154983,0,0,40807.06662,2011-09-21,1:35:56,Bike
39.97973333,116.3154283,0,0,40807.06663,2011-09-21,1:35:57,Bike
39.97971167,116.3153667,0,0,40807.06664,2011-09-21,1:35:58,Bike
39.97969667,116.3153033,0,0,40807.06666,2011-09-21,1:35:59,Bike
39.97968,116.3152333,0,0,40807.06667,2011-09-21,1:36:00,Bike
39.97967833,116.3151917,0,0,40807.06668,2011-09-21,1:36:01,Bike
39.97967833,116.315155,0,0,40807.06669,2011-09-21,1:36:02,Bike
39.97967667,116.3151233,0,0,40807.0667,2011-09-21,1:36:03,Bike
39.97968,116.315095,0,0,40807.06671,2011-09-21,1:36:04,Bike
39.97966333,116.3150617,0,0,40807.06672,2011-09-21,1:36:05,Bike
39.97965667,116.31503,0,0,40807.06674,2011-09-21,1:36:06,Bike
39.97965833,116.3150033,0,0,40807.06675,2011-09-21,1:36:07,Bike
39.97966167,116.3149783,0,0,40807.06676,2011-09-21,1:36:08,Bike
39.97966333,116.31495,0,0,40807.06677,2011-09-21,1:36:09,Bike
39.97966667,116.3149117,0,0,40807.06678,2011-09-21,1:36:10,Bike
39.97966333,116.3148717,0,0,40807.06679,2011-09-21,1:36:11,Bike
39.979665,116.31484,0,0,40807.06681,2011-09-21,1:36:12,Bike
39.97966167,116.31481,0,0,40807.06682,2011-09-21,1:36:13,Bike
39.97965833,116.3147867,0,0,40807.06683,2011-09-21,1:36:14,Bike
39.97965333,116.3147667,0,0,40807.06684,2011-09-21,1:36:15,Bike
39.97964333,116.314745,0,0,40807.06685,2011-09-21,1:36:16,Bike
39.97963333,116.3147233,0,0,40807.06686,2011-09-21,1:36:17,Bike
39.97963,116.3147133,0,0,40807.06688,2011-09-21,1:36:18,Bike
39.97963,116.3147033,0,0,40807.06689,2011-09-21,1:36:19,Bike
39.97962833,116.314695,0,0,40807.0669,2011-09-21,1:36:20,Bike
39.97962833,116.314685,0,0,40807.06691,2011-09-21,1:36:21,Bike
39.97962833,116.314675,0,0,40807.06692,2011-09-21,1:36:22,Bike
39.97962833,116.314665,0,0,40807.06693,2011-09-21,1:36:23,Bike
39.979625,116.314635,0,0,40807.06694,2011-09-21,1:36:24,Bike
39.97962167,116.3146133,0,0,40807.06696,2011-09-21,1:36:25,Bike
39.979625,116.3145717,0,0,40807.06697,2011-09-21,1:36:26,Bike
39.97961667,116.314535,0,0,40807.06698,2011-09-21,1:36:27,Bike
39.97960333,116.3144983,0,0,40807.06699,2011-09-21,1:36:28,Bike
39.979595,116.3144667,0,0,40807.067,2011-09-21,1:36:29,Bike
39.97959,116.3144433,0,0,40807.06701,2011-09-21,1:36:30,Bike
39.97959167,116.3144083,0,0,40807.06703,2011-09-21,1:36:31,Bike
39.97959,116.31438,0,0,40807.06704,2011-09-21,1:36:32,Bike
39.97959167,116.31434,0,0,40807.06705,2011-09-21,1:36:33,Bike
39.97959667,116.3143083,0,0,40807.06706,2011-09-21,1:36:34,Bike
39.97960333,116.3142783,0,0,40807.06707,2011-09-21,1:36:35,Bike
39.979605,116.3142317,0,0,40807.06708,2011-09-21,1:36:36,Bike
39.97961,116.3141967,0,0,40807.06709,2011-09-21,1:36:37,Bike
39.97961833,116.3141617,0,0,40807.06711,2011-09-21,1:36:38,Bike
39.97962,116.3141283,0,0,40807.06712,2011-09-21,1:36:39,Bike
39.97961667,116.3140967,0,0,40807.06713,2011-09-21,1:36:40,Bike
39.97960667,116.31407,0,0,40807.06714,2011-09-21,1:36:41,Bike
39.979605,116.3140367,0,0,40807.06715,2011-09-21,1:36:42,Bike
39.97961,116.3140017,0,0,40807.06716,2011-09-21,1:36:43,Bike
39.97961333,116.3139533,0,0,40807.06718,2011-09-21,1:36:44,Bike
39.97962167,116.313905,0,0,40807.06719,2011-09-21,1:36:45,Bike
39.97962667,116.3138617,0,0,40807.0672,2011-09-21,1:36:46,Bike
39.979625,116.3138133,0,0,40807.06721,2011-09-21,1:36:47,Bike
39.979625,116.31378,0,0,40807.06722,2011-09-21,1:36:48,Bike
39.979625,116.3137267,0,0,40807.06723,2011-09-21,1:36:49,Bike
39.97962167,116.3136867,0,0,40807.06725,2011-09-21,1:36:50,Bike
39.97961167,116.3136433,0,0,40807.06726,2011-09-21,1:36:51,Bike
39.979605,116.3136133,0,0,40807.06727,2011-09-21,1:36:52,Bike
39.9796,116.3135817,0,0,40807.06728,2011-09-21,1:36:53,Bike
39.97959167,116.313535,0,0,40807.06729,2011-09-21,1:36:54,Bike
39.97959,116.3135017,0,0,40807.0673,2011-09-21,1:36:55,Bike
39.97959167,116.3134717,0,0,40807.06731,2011-09-21,1:36:56,Bike
39.979595,116.31344,0,0,40807.06733,2011-09-21,1:36:57,Bike
39.97959667,116.3134033,0,0,40807.06734,2011-09-21,1:36:58,Bike
39.9796,116.31337,0,0,40807.06735,2011-09-21,1:36:59,Bike
39.97960167,116.3133333,0,0,40807.06736,2011-09-21,1:37:00,Bike
39.979605,116.3133083,0,0,40807.06737,2011-09-21,1:37:01,Bike
39.97960833,116.3132783,0,0,40807.06738,2011-09-21,1:37:02,Bike
39.97960833,116.3132533,0,0,40807.0674,2011-09-21,1:37:03,Bike
39.97960333,116.313225,0,0,40807.06741,2011-09-21,1:37:04,Bike
39.9796,116.3131817,0,0,40807.06742,2011-09-21,1:37:05,Bike
39.97958333,116.313145,0,0,40807.06743,2011-09-21,1:37:06,Bike
39.97957333,116.3131083,0,0,40807.06744,2011-09-21,1:37:07,Bike
39.97956833,116.313075,0,0,40807.06745,2011-09-21,1:37:08,Bike
39.97957,116.31304,0,0,40807.06747,2011-09-21,1:37:09,Bike
39.97957333,116.3130067,0,0,40807.06748,2011-09-21,1:37:10,Bike
39.97957833,116.312975,0,0,40807.06749,2011-09-21,1:37:11,Bike
39.97958167,116.31294,0,0,40807.0675,2011-09-21,1:37:12,Bike
39.979585,116.3129133,0,0,40807.06751,2011-09-21,1:37:13,Bike
39.9796,116.3128767,0,0,40807.06752,2011-09-21,1:37:14,Bike
39.97961667,116.3128367,0,0,40807.06753,2011-09-21,1:37:15,Bike
39.97962333,116.3128033,0,0,40807.06755,2011-09-21,1:37:16,Bike
39.97962667,116.312765,0,0,40807.06756,2011-09-21,1:37:17,Bike
39.97962167,116.312725,0,0,40807.06757,2011-09-21,1:37:18,Bike
39.97962667,116.3126833,0,0,40807.06758,2011-09-21,1:37:19,Bike
39.979635,116.3126567,0,0,40807.06759,2011-09-21,1:37:20,Bike
39.97964333,116.3126417,0,0,40807.0676,2011-09-21,1:37:21,Bike
39.97965167,116.3126267,0,0,40807.06762,2011-09-21,1:37:22,Bike
39.979655,116.312605,0,0,40807.06763,2011-09-21,1:37:23,Bike
39.97965833,116.3125833,0,0,40807.06764,2011-09-21,1:37:24,Bike
39.97966667,116.3125617,0,0,40807.06765,2011-09-21,1:37:25,Bike
39.97967333,116.3125417,0,0,40807.06766,2011-09-21,1:37:26,Bike
39.97968833,116.3125217,0,0,40807.06767,2011-09-21,1:37:27,Bike
39.97970333,116.3125,0,0,40807.06769,2011-09-21,1:37:28,Bike
39.979725,116.3124733,0,0,40807.0677,2011-09-21,1:37:29,Bike
39.97973333,116.3124417,0,0,40807.06771,2011-09-21,1:37:30,Bike
39.97974167,116.3124017,0,0,40807.06772,2011-09-21,1:37:31,Bike
39.97973833,116.3123533,0,0,40807.06773,2011-09-21,1:37:32,Bike
39.97972833,116.3123183,0,0,40807.06774,2011-09-21,1:37:33,Bike
39.97970667,116.3122633,0,0,40807.06775,2011-09-21,1:37:34,Bike
39.979695,116.3122383,0,0,40807.06777,2011-09-21,1:37:35,Bike
39.97970833,116.3122133,0,0,40807.06778,2011-09-21,1:37:36,Bike
39.97971667,116.3121967,0,0,40807.06779,2011-09-21,1:37:37,Bike
39.979705,116.3121683,0,0,40807.0678,2011-09-21,1:37:38,Bike
39.979695,116.3121333,0,0,40807.06781,2011-09-21,1:37:39,Bike
39.97969,116.31211,0,0,40807.06782,2011-09-21,1:37:40,Bike
39.97968167,116.3120867,0,0,40807.06784,2011-09-21,1:37:41,Bike
39.97966667,116.3120667,0,0,40807.06785,2011-09-21,1:37:42,Bike
39.97966333,116.3120233,0,0,40807.06786,2011-09-21,1:37:43,Bike
39.97966167,116.3119767,0,0,40807.06787,2011-09-21,1:37:44,Bike
39.97966167,116.311935,0,0,40807.06788,2011-09-21,1:37:45,Bike
39.97966,116.3119067,0,0,40807.06789,2011-09-21,1:37:46,Bike
39.979645,116.311865,0,0,40807.06791,2011-09-21,1:37:47,Bike
39.97964167,116.3118067,0,0,40807.06792,2011-09-21,1:37:48,Bike
39.97962833,116.3117567,0,0,40807.06793,2011-09-21,1:37:49,Bike
39.97963167,116.3117067,0,0,40807.06794,2011-09-21,1:37:50,Bike
39.97962833,116.3116717,0,0,40807.06795,2011-09-21,1:37:51,Bike
39.97963,116.3116167,0,0,40807.06796,2011-09-21,1:37:52,Bike
39.97962833,116.3115533,0,0,40807.06797,2011-09-21,1:37:53,Bike
39.97962667,116.3115117,0,0,40807.06799,2011-09-21,1:37:54,Bike
39.979625,116.3114733,0,0,40807.068,2011-09-21,1:37:55,Bike
39.97962,116.31143,0,0,40807.06801,2011-09-21,1:37:56,Bike
39.97959667,116.31141,0,0,40807.06802,2011-09-21,1:37:57,Bike
39.97959167,116.311385,0,0,40807.06803,2011-09-21,1:37:58,Bike
39.97947833,116.3110733,0,0,40807.06869,2011-09-21,1:38:55,Bike
39.97945333,116.311065,0,0,40807.0687,2011-09-21,1:38:56,Bike
39.97942667,116.3110417,0,0,40807.06872,2011-09-21,1:38:57,Bike
39.97940167,116.3110267,0,0,40807.06873,2011-09-21,1:38:58,Bike
39.97937833,116.311005,0,0,40807.06874,2011-09-21,1:38:59,Bike
39.97935833,116.3109933,0,0,40807.06875,2011-09-21,1:39:00,Bike
39.97933833,116.310975,0,0,40807.06876,2011-09-21,1:39:01,Bike
39.97932167,116.31095,0,0,40807.06877,2011-09-21,1:39:02,Bike
39.979305,116.3109167,0,0,40807.06878,2011-09-21,1:39:03,Bike
39.97928333,116.310875,0,0,40807.0688,2011-09-21,1:39:04,Bike
39.97927333,116.3108233,0,0,40807.06881,2011-09-21,1:39:05,Bike
39.97925333,116.3107917,0,0,40807.06882,2011-09-21,1:39:06,Bike
39.97924167,116.3107683,0,0,40807.06883,2011-09-21,1:39:07,Bike
39.97923667,116.31074,0,0,40807.06884,2011-09-21,1:39:08,Bike
39.97921833,116.3107233,0,0,40807.06885,2011-09-21,1:39:09,Bike
39.97920167,116.310645,0,0,40807.06887,2011-09-21,1:39:10,Bike
39.97919333,116.3105933,0,0,40807.06888,2011-09-21,1:39:11,Bike
39.97919,116.3105433,0,0,40807.06889,2011-09-21,1:39:12,Bike
39.979175,116.3105017,0,0,40807.0689,2011-09-21,1:39:13,Bike
39.979155,116.3104533,0,0,40807.06891,2011-09-21,1:39:14,Bike
39.97915,116.3104033,0,0,40807.06892,2011-09-21,1:39:15,Bike
39.979135,116.3103683,0,0,40807.06894,2011-09-21,1:39:16,Bike
39.97911833,116.3103367,0,0,40807.06895,2011-09-21,1:39:17,Bike
39.97911167,116.3103067,0,0,40807.06896,2011-09-21,1:39:18,Bike
39.97910167,116.3102833,0,0,40807.06897,2011-09-21,1:39:19,Bike
39.97909167,116.3102433,0,0,40807.06898,2011-09-21,1:39:20,Bike
39.97909167,116.310205,0,0,40807.06899,2011-09-21,1:39:21,Bike
39.97908833,116.3101583,0,0,40807.069,2011-09-21,1:39:22,Bike
39.97909333,116.3101267,0,0,40807.06902,2011-09-21,1:39:23,Bike
39.97909,116.3101083,0,0,40807.06903,2011-09-21,1:39:24,Bike
39.97908333,116.3100517,0,0,40807.06904,2011-09-21,1:39:25,Bike
39.97907833,116.3099983,0,0,40807.06905,2011-09-21,1:39:26,Bike
39.97907833,116.3099467,0,0,40807.06906,2011-09-21,1:39:27,Bike
39.979125,116.3098183,0,0,40807.06907,2011-09-21,1:39:28,Bike
39.97913667,116.3097533,0,0,40807.06909,2011-09-21,1:39:29,Bike
39.97913333,116.309705,0,0,40807.0691,2011-09-21,1:39:30,Bike
39.97913833,116.3096633,0,0,40807.06911,2011-09-21,1:39:31,Bike
39.97914167,116.30962,0,0,40807.06912,2011-09-21,1:39:32,Bike
39.97917,116.30955,0,0,40807.06913,2011-09-21,1:39:33,Bike
39.97919333,116.3095067,0,0,40807.06914,2011-09-21,1:39:34,Bike
39.97919667,116.309485,0,0,40807.06916,2011-09-21,1:39:35,Bike
39.9792,116.3094717,0,0,40807.06917,2011-09-21,1:39:36,Bike
39.97921333,116.309455,0,0,40807.06918,2011-09-21,1:39:37,Bike
39.97922167,116.3094267,0,0,40807.06919,2011-09-21,1:39:38,Bike
39.97923333,116.3093933,0,0,40807.0692,2011-09-21,1:39:39,Bike
39.97924667,116.3093483,0,0,40807.06921,2011-09-21,1:39:40,Bike
39.97925833,116.30931,0,0,40807.06922,2011-09-21,1:39:41,Bike
39.97927667,116.309255,0,0,40807.06924,2011-09-21,1:39:42,Bike
39.9793,116.3092,0,0,40807.06925,2011-09-21,1:39:43,Bike
39.979315,116.3091233,0,0,40807.06926,2011-09-21,1:39:44,Bike
39.97934167,116.3090583,0,0,40807.06927,2011-09-21,1:39:45,Bike
39.97937,116.3090133,0,0,40807.06928,2011-09-21,1:39:46,Bike
39.97937833,116.30901,0,0,40807.06929,2011-09-21,1:39:47,Bike
39.979345,116.3090033,0,0,40807.06931,2011-09-21,1:39:48,Bike
39.97934667,116.3089917,0,0,40807.06932,2011-09-21,1:39:49,Bike
39.97934167,116.308975,0,0,40807.06933,2011-09-21,1:39:50,Bike
39.97933833,116.30894,0,0,40807.06934,2011-09-21,1:39:51,Bike
39.97935333,116.30892,0,0,40807.06935,2011-09-21,1:39:52,Bike
39.97938167,116.3088833,0,0,40807.06936,2011-09-21,1:39:53,Bike
39.9794,116.308865,0,0,40807.06938,2011-09-21,1:39:54,Bike
39.97941333,116.3088483,0,0,40807.06939,2011-09-21,1:39:55,Bike
39.979425,116.30883,0,0,40807.0694,2011-09-21,1:39:56,Bike
39.979445,116.30879,0,0,40807.06941,2011-09-21,1:39:57,Bike
39.979465,116.3087483,0,0,40807.06942,2011-09-21,1:39:58,Bike
39.979485,116.3087033,0,0,40807.06943,2011-09-21,1:39:59,Bike
39.97949833,116.3086717,0,0,40807.06944,2011-09-21,1:40:00,Bike
39.97951,116.30864,0,0,40807.06946,2011-09-21,1:40:01,Bike
39.979525,116.3086067,0,0,40807.06947,2011-09-21,1:40:02,Bike
39.979545,116.3085533,0,0,40807.06948,2011-09-21,1:40:03,Bike
39.97955333,116.3085233,0,0,40807.06949,2011-09-21,1:40:04,Bike
39.97956833,116.3084933,0,0,40807.0695,2011-09-21,1:40:05,Bike
39.97957833,116.3084583,0,0,40807.06951,2011-09-21,1:40:06,Bike
39.979585,116.308405,0,0,40807.06953,2011-09-21,1:40:07,Bike
39.97960167,116.3083317,0,0,40807.06954,2011-09-21,1:40:08,Bike
39.979605,116.3082867,0,0,40807.06955,2011-09-21,1:40:09,Bike
39.979605,116.3082617,0,0,40807.06956,2011-09-21,1:40:10,Bike
39.97962,116.3082217,0,0,40807.06957,2011-09-21,1:40:11,Bike
39.97962833,116.30819,0,0,40807.06958,2011-09-21,1:40:12,Bike
39.979625,116.3081667,0,0,40807.06959,2011-09-21,1:40:13,Bike
39.97962,116.3081383,0,0,40807.06961,2011-09-21,1:40:14,Bike
39.97960333,116.308105,0,0,40807.06962,2011-09-21,1:40:15,Bike
39.97961,116.30807,0,0,40807.06963,2011-09-21,1:40:16,Bike
39.97960833,116.3080317,0,0,40807.06964,2011-09-21,1:40:17,Bike
39.97961,116.308005,0,0,40807.06965,2011-09-21,1:40:18,Bike
39.97960333,116.30798,0,0,40807.06966,2011-09-21,1:40:19,Bike
39.9796,116.3079633,0,0,40807.06968,2011-09-21,1:40:20,Bike
39.979595,116.3079383,0,0,40807.06969,2011-09-21,1:40:21,Bike
39.97961,116.3079367,0,0,40807.0697,2011-09-21,1:40:22,Bike
39.979615,116.30791,0,0,40807.06971,2011-09-21,1:40:23,Bike
39.97962667,116.30787,0,0,40807.06972,2011-09-21,1:40:24,Bike
39.97962333,116.3078367,0,0,40807.06973,2011-09-21,1:40:25,Bike
39.97961667,116.3078117,0,0,40807.06975,2011-09-21,1:40:26,Bike
39.979615,116.30779,0,0,40807.06976,2011-09-21,1:40:27,Bike
39.97963167,116.3077567,0,0,40807.06977,2011-09-21,1:40:28,Bike
39.97965,116.3077117,0,0,40807.06978,2011-09-21,1:40:29,Bike
39.97963167,116.3076683,0,0,40807.06979,2011-09-21,1:40:30,Bike
39.979645,116.30761,0,0,40807.0698,2011-09-21,1:40:31,Bike
39.97965,116.3075783,0,0,40807.06981,2011-09-21,1:40:32,Bike
39.97965,116.3075583,0,0,40807.06983,2011-09-21,1:40:33,Bike
39.97965833,116.3075517,0,0,40807.06984,2011-09-21,1:40:34,Bike
39.979665,116.30755,0,0,40807.06985,2011-09-21,1:40:35,Bike
39.97967,116.3075617,0,0,40807.06986,2011-09-21,1:40:36,Bike
39.97967333,116.30757,0,0,40807.06987,2011-09-21,1:40:37,Bike
39.979665,116.3075683,0,0,40807.06988,2011-09-21,1:40:38,Bike
39.97965667,116.3075683,0,0,40807.0699,2011-09-21,1:40:39,Bike
39.97964833,116.30757,0,0,40807.06991,2011-09-21,1:40:40,Bike
39.97964167,116.3075717,0,0,40807.06992,2011-09-21,1:40:41,Bike
39.979635,116.307575,0,0,40807.06993,2011-09-21,1:40:42,Bike
39.97962833,116.3075783,0,0,40807.06994,2011-09-21,1:40:43,Bike
39.97962167,116.3075817,0,0,40807.06995,2011-09-21,1:40:44,Bike
39.979615,116.3075833,0,0,40807.06997,2011-09-21,1:40:45,Bike
39.97961,116.307585,0,0,40807.06998,2011-09-21,1:40:46,Bike
39.97958,116.307615,0,0,40807.06999,2011-09-21,1:40:47,Bike
39.97956,116.3076283,0,0,40807.07,2011-09-21,1:40:48,Bike
39.97954833,116.307615,0,0,40807.07001,2011-09-21,1:40:49,Bike
39.979535,116.3075983,0,0,40807.07002,2011-09-21,1:40:50,Bike
39.97953167,116.30758,0,0,40807.07003,2011-09-21,1:40:51,Bike
39.97953333,116.307515,0,0,40807.07005,2011-09-21,1:40:52,Bike
39.979525,116.307485,0,0,40807.07006,2011-09-21,1:40:53,Bike
39.97952667,116.30742,0,0,40807.07007,2011-09-21,1:40:54,Bike
39.97952,116.307375,0,0,40807.07008,2011-09-21,1:40:55,Bike
39.97952833,116.3073383,0,0,40807.07009,2011-09-21,1:40:56,Bike
39.97954167,116.3072983,0,0,40807.0701,2011-09-21,1:40:57,Bike
39.979575,116.30724,0,0,40807.07012,2011-09-21,1:40:58,Bike
39.97957,116.3071383,0,0,40807.07013,2011-09-21,1:40:59,Bike
39.97957,116.307095,0,0,40807.07014,2011-09-21,1:41:00,Bike
39.97956167,116.307035,0,0,40807.07015,2011-09-21,1:41:01,Bike
39.97955167,116.3070067,0,0,40807.07016,2011-09-21,1:41:02,Bike
39.97953667,116.3069667,0,0,40807.07017,2011-09-21,1:41:03,Bike
39.97953,116.3069383,0,0,40807.07019,2011-09-21,1:41:04,Bike
39.97950167,116.3069083,0,0,40807.0702,2011-09-21,1:41:05,Bike
39.97948667,116.306885,0,0,40807.07021,2011-09-21,1:41:06,Bike
39.97947667,116.3068567,0,0,40807.07022,2011-09-21,1:41:07,Bike
39.97946167,116.30682,0,0,40807.07023,2011-09-21,1:41:08,Bike
39.97945167,116.3067867,0,0,40807.07024,2011-09-21,1:41:09,Bike
39.97943167,116.3067583,0,0,40807.07025,2011-09-21,1:41:10,Bike
39.97940833,116.306735,0,0,40807.07027,2011-09-21,1:41:11,Bike
39.97939333,116.306725,0,0,40807.07028,2011-09-21,1:41:12,Bike
39.979385,116.3067217,0,0,40807.07029,2011-09-21,1:41:13,Bike
39.97936,116.3067183,0,0,40807.0703,2011-09-21,1:41:14,Bike
39.97934667,116.3066983,0,0,40807.07031,2011-09-21,1:41:15,Bike
39.979325,116.3066667,0,0,40807.07032,2011-09-21,1:41:16,Bike
39.979315,116.3066467,0,0,40807.07034,2011-09-21,1:41:17,Bike
39.9793,116.3066233,0,0,40807.07035,2011-09-21,1:41:18,Bike
39.979285,116.3066083,0,0,40807.07036,2011-09-21,1:41:19,Bike
39.97924833,116.3065933,0,0,40807.07037,2011-09-21,1:41:20,Bike
39.979235,116.30656,0,0,40807.07038,2011-09-21,1:41:21,Bike
39.97921667,116.3065383,0,0,40807.07039,2011-09-21,1:41:22,Bike
39.97919667,116.30652,0,0,40807.07041,2011-09-21,1:41:23,Bike
39.97919333,116.3064933,0,0,40807.07042,2011-09-21,1:41:24,Bike
39.97918333,116.306475,0,0,40807.07043,2011-09-21,1:41:25,Bike
39.97918667,116.3064583,0,0,40807.07044,2011-09-21,1:41:26,Bike
39.97918833,116.3064467,0,0,40807.07045,2011-09-21,1:41:27,Bike
39.979195,116.306415,0,0,40807.07046,2011-09-21,1:41:28,Bike
39.97919667,116.3063917,0,0,40807.07047,2011-09-21,1:41:29,Bike
39.97920833,116.30636,0,0,40807.07049,2011-09-21,1:41:30,Bike
39.97921833,116.30634,0,0,40807.0705,2011-09-21,1:41:31,Bike
39.97922333,116.3063117,0,0,40807.07051,2011-09-21,1:41:32,Bike
39.97922333,116.3062833,0,0,40807.07052,2011-09-21,1:41:33,Bike
39.97922,116.3062533,0,0,40807.07053,2011-09-21,1:41:34,Bike
39.97922167,116.3062333,0,0,40807.07054,2011-09-21,1:41:35,Bike
39.97922,116.3062133,0,0,40807.07056,2011-09-21,1:41:36,Bike
39.97922333,116.3061833,0,0,40807.07057,2011-09-21,1:41:37,Bike
39.97922333,116.3061367,0,0,40807.07058,2011-09-21,1:41:38,Bike
39.97921833,116.3061,0,0,40807.07059,2011-09-21,1:41:39,Bike
39.97920833,116.3060683,0,0,40807.0706,2011-09-21,1:41:40,Bike
39.9792,116.3060467,0,0,40807.07061,2011-09-21,1:41:41,Bike
39.97918167,116.3060167,0,0,40807.07063,2011-09-21,1:41:42,Bike
39.97916,116.3059783,0,0,40807.07064,2011-09-21,1:41:43,Bike
39.97914833,116.3059567,0,0,40807.07065,2011-09-21,1:41:44,Bike
39.97915,116.3059317,0,0,40807.07066,2011-09-21,1:41:45,Bike
39.97914833,116.3059017,0,0,40807.07067,2011-09-21,1:41:46,Bike
39.97912833,116.3058717,0,0,40807.07068,2011-09-21,1:41:47,Bike
39.979115,116.3058467,0,0,40807.07069,2011-09-21,1:41:48,Bike
39.9791,116.30582,0,0,40807.07071,2011-09-21,1:41:49,Bike
39.97908667,116.3057983,0,0,40807.07072,2011-09-21,1:41:50,Bike
39.97903333,116.3057283,0,0,40807.07073,2011-09-21,1:41:51,Bike
39.97901333,116.3057033,0,0,40807.07074,2011-09-21,1:41:52,Bike
39.97901,116.3056817,0,0,40807.07075,2011-09-21,1:41:53,Bike
39.97899333,116.305665,0,0,40807.07076,2011-09-21,1:41:54,Bike
39.97896667,116.3056283,0,0,40807.07078,2011-09-21,1:41:55,Bike
39.978955,116.3056117,0,0,40807.07079,2011-09-21,1:41:56,Bike
39.97894333,116.3056,0,0,40807.0708,2011-09-21,1:41:57,Bike
39.97893667,116.3055933,0,0,40807.07081,2011-09-21,1:41:58,Bike
39.978935,116.3055867,0,0,40807.07082,2011-09-21,1:41:59,Bike
39.97893667,116.30558,0,0,40807.07083,2011-09-21,1:42:00,Bike
39.97893833,116.3055733,0,0,40807.07084,2011-09-21,1:42:01,Bike
39.97894,116.3055683,0,0,40807.07086,2011-09-21,1:42:02,Bike
39.97894,116.3055667,0,0,40807.07087,2011-09-21,1:42:03,Bike
39.97894,116.305565,0,0,40807.07088,2011-09-21,1:42:04,Bike
39.97894,116.3055617,0,0,40807.07089,2011-09-21,1:42:05,Bike
39.97894167,116.3055633,0,0,40807.0709,2011-09-21,1:42:06,Bike
39.97894,116.305565,0,0,40807.07091,2011-09-21,1:42:07,Bike
39.97893667,116.3055633,0,0,40807.07093,2011-09-21,1:42:08,Bike
39.97893333,116.3055567,0,0,40807.07094,2011-09-21,1:42:09,Bike
39.97892667,116.3055367,0,0,40807.07095,2011-09-21,1:42:10,Bike
39.97890667,116.305515,0,0,40807.07096,2011-09-21,1:42:11,Bike
39.97889333,116.3055,0,0,40807.07097,2011-09-21,1:42:12,Bike
39.97888833,116.3054783,0,0,40807.07098,2011-09-21,1:42:13,Bike
39.97888167,116.3054483,0,0,40807.071,2011-09-21,1:42:14,Bike
39.978865,116.3054233,0,0,40807.07101,2011-09-21,1:42:15,Bike
39.97885667,116.3053983,0,0,40807.07102,2011-09-21,1:42:16,Bike
39.97885167,116.305385,0,0,40807.07103,2011-09-21,1:42:17,Bike
39.978845,116.3053633,0,0,40807.07104,2011-09-21,1:42:18,Bike
39.97883333,116.3053383,0,0,40807.07105,2011-09-21,1:42:19,Bike
39.978825,116.30532,0,0,40807.07106,2011-09-21,1:42:20,Bike
39.97882167,116.3053083,0,0,40807.07108,2011-09-21,1:42:21,Bike
39.97882,116.305295,0,0,40807.07109,2011-09-21,1:42:22,Bike
39.97882333,116.3052683,0,0,40807.0711,2011-09-21,1:42:23,Bike
39.978835,116.305245,0,0,40807.07111,2011-09-21,1:42:24,Bike
39.97876833,116.3049183,0,0,40807.07185,2011-09-21,1:43:28,Bike
39.97876167,116.304905,0,0,40807.07186,2011-09-21,1:43:29,Bike
39.97875167,116.3048933,0,0,40807.07188,2011-09-21,1:43:30,Bike
39.97874833,116.3048833,0,0,40807.07189,2011-09-21,1:43:31,Bike
39.97874167,116.30486,0,0,40807.0719,2011-09-21,1:43:32,Bike
39.97873667,116.3048433,0,0,40807.07191,2011-09-21,1:43:33,Bike
39.97873,116.3048317,0,0,40807.07192,2011-09-21,1:43:34,Bike
39.97873,116.304825,0,0,40807.07193,2011-09-21,1:43:35,Bike
39.97873333,116.3048217,0,0,40807.07194,2011-09-21,1:43:36,Bike
39.97873,116.3048117,0,0,40807.07196,2011-09-21,1:43:37,Bike
39.978725,116.3047983,0,0,40807.07197,2011-09-21,1:43:38,Bike
39.97873333,116.3047867,0,0,40807.07198,2011-09-21,1:43:39,Bike
39.97873333,116.3047733,0,0,40807.07199,2011-09-21,1:43:40,Bike
39.97873333,116.3047467,0,0,40807.072,2011-09-21,1:43:41,Bike
39.97873333,116.3047133,0,0,40807.07201,2011-09-21,1:43:42,Bike
39.978735,116.30469,0,0,40807.07203,2011-09-21,1:43:43,Bike
39.97875167,116.304665,0,0,40807.07204,2011-09-21,1:43:44,Bike
39.97875833,116.3046467,0,0,40807.07205,2011-09-21,1:43:45,Bike
39.97876333,116.3046317,0,0,40807.07206,2011-09-21,1:43:46,Bike
39.978765,116.3046133,0,0,40807.07207,2011-09-21,1:43:47,Bike
39.97880833,116.30457,0,0,40807.07208,2011-09-21,1:43:48,Bike
39.978815,116.3045617,0,0,40807.07209,2011-09-21,1:43:49,Bike
39.97882333,116.3045467,0,0,40807.07211,2011-09-21,1:43:50,Bike
39.97882667,116.30454,0,0,40807.07212,2011-09-21,1:43:51,Bike
39.97882833,116.3045317,0,0,40807.07213,2011-09-21,1:43:52,Bike
39.97883167,116.3045217,0,0,40807.07214,2011-09-21,1:43:53,Bike
39.97883833,116.3045117,0,0,40807.07215,2011-09-21,1:43:54,Bike
39.97884,116.3044933,0,0,40807.07216,2011-09-21,1:43:55,Bike
39.97884,116.3044817,0,0,40807.07218,2011-09-21,1:43:56,Bike
39.97884,116.3044683,0,0,40807.07219,2011-09-21,1:43:57,Bike
39.97884,116.3044567,0,0,40807.0722,2011-09-21,1:43:58,Bike
39.97883833,116.3044483,0,0,40807.07221,2011-09-21,1:43:59,Bike
39.97883667,116.3044367,0,0,40807.07222,2011-09-21,1:44:00,Bike
39.97883667,116.304425,0,0,40807.07223,2011-09-21,1:44:01,Bike
39.978835,116.304415,0,0,40807.07225,2011-09-21,1:44:02,Bike
39.97883667,116.3044133,0,0,40807.07226,2011-09-21,1:44:03,Bike
39.97883667,116.30441,0,0,40807.07227,2011-09-21,1:44:04,Bike
39.97883833,116.3044067,0,0,40807.07228,2011-09-21,1:44:05,Bike
39.97883833,116.3043833,0,0,40807.07229,2011-09-21,1:44:06,Bike
39.97884167,116.304375,0,0,40807.0723,2011-09-21,1:44:07,Bike
39.97883833,116.3043683,0,0,40807.07231,2011-09-21,1:44:08,Bike
39.978835,116.3043733,0,0,40807.07233,2011-09-21,1:44:09,Bike
39.97883333,116.3043617,0,0,40807.07234,2011-09-21,1:44:10,Bike
39.97883833,116.3043333,0,0,40807.07235,2011-09-21,1:44:11,Bike
39.97883833,116.3043183,0,0,40807.07236,2011-09-21,1:44:12,Bike
39.97884333,116.3043,0,0,40807.07237,2011-09-21,1:44:13,Bike
39.978855,116.3042867,0,0,40807.07238,2011-09-21,1:44:14,Bike
39.97887167,116.3042733,0,0,40807.0724,2011-09-21,1:44:15,Bike
39.978875,116.3042667,0,0,40807.07241,2011-09-21,1:44:16,Bike
39.97888833,116.3042467,0,0,40807.07242,2011-09-21,1:44:17,Bike
39.97888667,116.3042267,0,0,40807.07243,2011-09-21,1:44:18,Bike
39.978885,116.3042067,0,0,40807.07244,2011-09-21,1:44:19,Bike
39.978885,116.3041883,0,0,40807.07245,2011-09-21,1:44:20,Bike
39.97888333,116.3041683,0,0,40807.07247,2011-09-21,1:44:21,Bike
39.978885,116.3041533,0,0,40807.07248,2011-09-21,1:44:22,Bike
39.97889167,116.3041483,0,0,40807.07249,2011-09-21,1:44:23,Bike
39.97889833,116.3041417,0,0,40807.0725,2011-09-21,1:44:24,Bike
39.97890667,116.3041333,0,0,40807.07251,2011-09-21,1:44:25,Bike
39.978915,116.3041217,0,0,40807.07252,2011-09-21,1:44:26,Bike
39.978925,116.3041117,0,0,40807.07253,2011-09-21,1:44:27,Bike
39.978935,116.3040983,0,0,40807.07255,2011-09-21,1:44:28,Bike
39.978945,116.3040833,0,0,40807.07256,2011-09-21,1:44:29,Bike
39.97896,116.3040733,0,0,40807.07257,2011-09-21,1:44:30,Bike
39.97897333,116.3040533,0,0,40807.07258,2011-09-21,1:44:31,Bike
39.97898833,116.30405,0,0,40807.07259,2011-09-21,1:44:32,Bike
39.979005,116.30404,0,0,40807.0726,2011-09-21,1:44:33,Bike
39.97901833,116.3040383,0,0,40807.07262,2011-09-21,1:44:34,Bike
39.97900667,116.3039933,0,0,40807.07263,2011-09-21,1:44:35,Bike
39.97900333,116.30394,0,0,40807.07264,2011-09-21,1:44:36,Bike
39.97897833,116.3038667,0,0,40807.07265,2011-09-21,1:44:37,Bike
39.978975,116.3038217,0,0,40807.07266,2011-09-21,1:44:38,Bike
39.97897833,116.3038017,0,0,40807.07267,2011-09-21,1:44:39,Bike
39.97897833,116.3037617,0,0,40807.07269,2011-09-21,1:44:40,Bike
39.97897,116.3037233,0,0,40807.0727,2011-09-21,1:44:41,Bike
39.97897167,116.3036917,0,0,40807.07271,2011-09-21,1:44:42,Bike
39.978975,116.3036583,0,0,40807.07272,2011-09-21,1:44:43,Bike
39.97898833,116.3036117,0,0,40807.07273,2011-09-21,1:44:44,Bike
39.97901,116.3035767,0,0,40807.07274,2011-09-21,1:44:45,Bike
39.97903333,116.3035533,0,0,40807.07275,2011-09-21,1:44:46,Bike
39.97906167,116.3035283,0,0,40807.07277,2011-09-21,1:44:47,Bike
39.97909667,116.303505,0,0,40807.07278,2011-09-21,1:44:48,Bike
39.97913333,116.3034883,0,0,40807.07279,2011-09-21,1:44:49,Bike
39.97916167,116.3034767,0,0,40807.0728,2011-09-21,1:44:50,Bike
39.97918833,116.3034567,0,0,40807.07281,2011-09-21,1:44:51,Bike
39.97923,116.30344,0,0,40807.07282,2011-09-21,1:44:52,Bike
39.97928167,116.3034067,0,0,40807.07284,2011-09-21,1:44:53,Bike
39.979345,116.30337,0,0,40807.07285,2011-09-21,1:44:54,Bike
39.97941167,116.3033317,0,0,40807.07286,2011-09-21,1:44:55,Bike
39.97947,116.30329,0,0,40807.07287,2011-09-21,1:44:56,Bike
39.97953167,116.3032483,0,0,40807.07288,2011-09-21,1:44:57,Bike