0.6298906642563366,226.76063913228114,-80340.64727048654,13.547144274219978,50.20093559520074,226.76063913228114,3.5641558180303488,2.8280028562133808,-3964.145365085043,18025.06661103874,Subway
0.0049891312389454415,3.592174492040718,142.05757595803658,2.264491571889993,1.2840716741997202,3.7894766808713243,3.3577376753924586,2.4733317445186103,43.12597967278404,1314.449654248881,Subway
0.0052631620567657285,3.7894766808713243,-365.4880319724252,2.1267051310630047,1.281956405888601,3.7894766808713243,3.284402014144129,2.3087737974702423,49.85883641607971,1315.3276474928775,Subway
0.004558131130892994,3.281854414242956,-760.411281241418,1.998269880157261,1.2343936558407753,3.7730920961797314,3.1818780586932514,1.989070133864216,73.34620279234895,1311.7096687391593,Subway
0.0030912883815847037,2.2257276347409864,-340.7868012625494,1.90245597144078,1.2035021732254587,3.7730920961797314,3.1130097894026165,1.5589944364503925,166.56844118225177,1315.5831179873837,Subway
0.0024339064347047856,1.7524126329874457,1297.7306114684015,1.9361173938213867,1.2222881522144258,3.7730920961797314,3.1130097894026165,1.5589944364503925,167.42680238997156,1315.2402238433522,Subway
0.004937244805592906,3.554816260026892,-719.9803664562022,1.9709709845460484,1.2267046367516738,3.7730920961797314,3.1130097894026165,1.8786981000564187,109.62128508225733,1288.0734247175653,Subway
0.0035483937900523924,2.5548435288377225,530.7849252071461,1.925539134565551,1.1809305062227218,3.7730920961797314,2.9495076076620954,1.8786981000564187,177.00944033182495,1277.5997010030667,Subway
0.004572284463677289,3.2920448138476477,346.35404327910027,1.973701944653898,1.2267023071272638,3.7730920961797314,3.1130097894026165,1.8786981000564187,119.11022299416045,1286.9283572362565,Subway
0.005240405689138516,3.7730920961797314,-994.5159379057676,1.9414491751065999,1.1983685344021398,3.7730920961797314,2.9495076076620954,1.8786981000564187,102.49557467902991,1285.9848156377443,Subway
0.003321972166943748,2.3918199601994985,510.72640084046884,1.8861205051216205,1.1331195999196415,3.599442985701945,2.724628042948385,1.8786981000564187,228.8457600252953,1296.6259454396186,Subway
0.004307169699429221,3.1011621835890386,-1315.055618499757,2.0062782036731206,1.3040862780629316,4.794973931229503,2.9495076076620954,1.9075303436970081,95.62870725308441,1398.970735820827,Subway
0.0017704111760886397,1.2746960467838206,1673.8177960210498,1.9414122178187725,1.2787789564103083,4.794973931229503,2.724628042948385,1.5847093532077068,96.44315938399761,1398.1107166841823,Subway
0.00499922636903048,3.599442985701945,-1948.0211598774279,1.8776774154795817,1.3438664801704991,4.794973931229503,2.724628042948385,1.5847093532077068,79.3009194937443,1379.73365082059,Subway
0.0012414695019829717,0.8938580414277396,27.762979310159704,1.7531624744534837,1.2902397264243763,4.794973931229503,2.651871741296299,1.2931739513348952,224.14698173642347,1305.7805541652333,Subway
0.0012950246318251008,0.9324177349140725,-598.7166859738625,1.7902851163348779,1.2748032016778448,4.794973931229503,2.651871741296299,1.500943559484484,266.5814515858471,1312.833741504536,Subway
0.0001400927530174956,0.10086678217259683,-72.62408316426972,1.8863445218960275,1.2791343125135273,4.794973931229503,2.7132904838943723,1.7200766727788517,285.7121822587324,1302.3064366584151,Subway
0.0,0.0,1107.5849480530283,2.0089743867250736,1.2149044421741173,4.794973931229503,2.7132904838943723,2.126663456991376,353.4894383431715,1317.8568035645828,Subway
0.0005127708092838094,0.9229874567108569,4006.0172702384866,2.2257393294491736,1.2243135542558485,4.794973931229503,2.864943405191077,2.5014742631170943,248.1844420504246,1338.413389014153,Subway
0.004372989731726875,3.14855260684335,-1469.4966152365268,2.3270135814348203,1.1942842209980642,4.794973931229503,2.911335185870784,2.599821669585232,62.834902730056776,1006.0303938077288,Subway
0.0015383126190020929,1.1075850856815068,-195.22037532999062,2.3377753039576707,1.2030145859580827,4.794973931229503,2.911335185870784,2.599821669585232,116.86368745009474,946.6702633757722,Subway
0.0011617301048624505,0.8364456755009643,276.7147108239505,2.423577005258352,1.1714380586536564,4.794973931229503,2.911335185870784,2.6465843416593184,685.6992405837674,2644.6032795506326,Subway
0.0016955161982728489,1.220771662756451,104.25929555295934,3.2994280859113565,3.7132280725062863,18.35346728856105,3.052301136642934,2.656754059690913,965.4133153340508,2884.0746086590584,Subway
0.0018966336665463043,1.365576239913339,1104.0334865566383,6.194603216447982,12.99073566707028,59.12427427348897,3.402365225626437,2.7450689040876357,1534.2443563780196,3709.177248478909,Subway
0.004026327892157104,2.8989560823531146,-323.61957710815483,9.879821459545676,20.0726326487315,75.06994110186722,3.7223995115739967,2.8386124789160974,1432.6288312244246,3749.2057907918575,Subway
0.0034020617326120522,2.4494844474806774,141.6202653141181,13.423907028818935,24.536413151283814,75.06994110186722,4.450217623668877,2.8386124789160974,1389.501809550246,3775.340938934607,Subway
0.0036752489728013233,2.6461792604169525,627.7827385351504,16.908093956878055,27.64648116670033,75.06994110186722,8.184597270562389,2.9010391712804275,1283.0137875176547,3841.8419920905917,Subway
0.0048862496258398076,3.5180997306046615,-627.1994215461435,20.244380854336352,29.77871443210869,75.06994110186722,28.54616903479303,3.156129776862077,1227.0113607479425,3860.016446588181,Subway
0.003676374198474562,2.6469894229016844,14.061076976489133,23.50288660350338,31.374934846476854,75.06994110186722,61.51525938360305,3.156129776862077,1293.9240281022505,3837.717117049605,Subway
0.003703498189555752,2.6665186964801415,1532.48776901954,26.854326612884726,32.58645966619246,75.06994110186722,68.8591403378547,3.849542955891182,1204.9181201315278,3889.2589940253865,Subway
0.006659686015596532,4.794973931229503,-2153.6146546037485,30.082147305640074,33.254890802227266,75.06994110186722,68.8591403378547,4.565136392855752,1214.5445715163771,3890.3505613702823,Subway
0.0025053367590306594,1.8038424665020747,-1298.7665758814937,33.32333806976327,33.814872193508144,75.06994110186722,69.43363521061052,11.344383071521525,1260.0623953525633,3854.0244355972554,Subway
0.0,0.0,1330.9729982159843,36.62774803365893,33.80174412681173,75.06994110186722,69.43363521061052,38.738870781025014,1345.926511105688,3812.926247415974,Subway
0.0006161912028777706,1.109144165179987,948.9000849761551,40.05141371387839,33.361432665957246,75.06994110186722,69.43363521061052,63.173603412538,1158.1839049625344,3905.03042643997,Subway
0.0022726539986883732,1.6363108790556287,876.4523762986337,43.25129724662724,32.48741155028049,75.06994110186722,69.43363521061052,66.16487368587204,1165.752531156312,3904.7501322840694,Subway
0.003963341452968145,2.8536058461370644,-216.10207251615824,46.501230263741455,31.33600090477453,75.06994110186722,69.43363521061052,66.9289518864635,1195.853889607737,3904.723051612292,Subway
0.0035464778871576543,2.5534640787535112,1282.9210385245128,49.79297072314932,29.93624721327933,75.06994110186722,69.43363521061052,67.55748714800126,1129.6971004662578,3940.9453373350934,Subway
0.00602124840900278,4.3352988544820015,-998.5149778019118,52.99282675319402,27.977306698865924,75.06994110186722,69.43363521061052,67.55748714800126,855.2898779254068,4116.857933910339,Subway
0.004095100689477487,2.9484724964237907,299.0264838311317,55.811561640820855,25.551762195209392,75.06994110186722,69.43363521061052,67.55748714800126,687.5671639550595,4262.125849064237,Subway
0.004671926468472726,3.3637870573003625,-388.92092083576745,58.397348314599995,22.334823943347818,75.06994110186722,69.43363521061052,67.55748714800126,12.402110816911499,5275.883385655565,Subway
0.00392169321068768,2.82361911169513,11181.490687343461,60.04540574790949,19.032132825535943,75.06994110186722,69.43363521061052,67.55748714800126,-60.10412055666241,5291.630032760641,Subway
0.1274546339483406,18.35346728856105,5870.996205829621,61.592760082089015,14.956710166234124,75.06994110186722,69.43363521061052,67.55748714800126,-1260.8339562974097,5330.9755243786285,Subway
0.08211704760206802,59.12427427348897,11480.880116432334,61.47243408885085,15.327949370171572,75.06994110186722,69.43363521061052,67.55748714800126,33.80828797621998,9021.059835372138,Subway
0.10426380708592668,75.06994110186722,-928.2770165152567,61.51939004437337,15.321814599745917,75.06994110186722,69.43363521061052,67.55748714800126,-2457.537372850778,12061.359786324463,Subway
0.10247314926085868,73.78066746781825,-1186.1600105917307,58.10614369319175,19.245563453588478,73.78066746781825,68.85929057811647,66.9289518864635,-2547.3364892304653,12056.059458682732,Subway
0.10018503195647649,72.13322300866307,-1988.1401753377065,54.568176347038346,22.44964579155661,72.13322300866307,68.68826479403255,66.59277795049371,-2596.7960283118705,12052.209823114625,Subway
0.09634988501330961,69.37191720958292,-492.2657968590954,50.961515196605184,25.115250388743462,69.67578961052864,68.52703888177815,65.82869974990226,-2487.6406270137677,12067.888352245425,Subway
0.0954002982138129,68.68821471394529,711.0539255400147,47.54166129878212,27.057985586170265,69.67578961052864,68.03735970940889,62.90840571358801,-2533.873411110609,12061.61119057176,Subway
0.09677193001462311,69.67578961052864,-1766.0570824379647,44.116633595774395,28.535449288712208,69.67578961052864,67.39020984979413,60.38669499547926,-2570.5520713103538,12052.336016013825,Subway
0.09336518409942642,67.22293255158702,1725.0167967165237,40.63284411524796,29.488121227305808,69.6187892136933,66.78196155390174,57.363799677973105,-2463.801852172715,12069.279831997395,Subway
0.09669276279679627,69.6187892136933,-1243.2581778800238,37.28707029184839,30.102156457210715,69.6187892136933,66.57168131507058,45.494570847748456,-1263.3665041793977,13604.210156935029,Subway
0.0942945024227993,67.8920417444155,418.5157391810003,34.536329295248585,29.49978425121953,68.68841503429432,65.46775728502965,35.04782075938799,1927.8167673431992,19720.107525591044,Subway
0.09510182445054043,68.4733136043891,-2423.879124647086,36.21778728687461,32.32428750267148,101.52120157693602,65.46775728502965,35.04782075938799,203.5150664881068,21303.189783287264,Subway
0.09042613169466256,65.10681482015704,1100.2726088517068,35.50438180509079,31.726861375272428,101.52120157693602,61.80920116030349,35.04782075938799,-166.2030115515504,21415.05933840834,Subway
0.09254857114074996,66.63497122133997,1478.4795453271363,34.277478992696324,30.98770467816017,101.52120157693602,60.2250441897094,35.04782075938799,14.593210634943853,21441.561568345038,Subway
0.09540057643651989,68.68841503429432,-1539.2378553457434,33.30168204444978,30.212731349557725,101.52120157693602,56.01400282498989,35.04782075938799,559.3353984953483,21618.377966993892,Subway
0.09243136761062147,66.55058467964746,-4205.223412292509,33.08247146823156,29.95729238731181,101.52120157693602,56.01400282498989,35.04782075938799,892.3207341121349,21635.635074670674,Subway
0.0843194397319708,60.70999660701897,-4352.969257208858,33.32574052481445,30.261584616334076,101.52120157693602,56.01400282498989,35.04782075938799,1157.3133532647116,21602.345081198015,Subway
0.07592250829445371,54.66420597200667,-13204.274578931827,33.93705488577591,30.959336760915793,101.52120157693602,56.01400282498989,35.04782075938799,1295.5483219473153,21574.05579060638,Subway
0.05045129961595867,36.32493572349024,-1839.0455483072496,34.74036225879654,31.724435287512712,101.52120157693602,61.12359591543718,35.04782075938799,1927.3115491244637,21310.495314052136,Subway
0.04690375804900796,33.77070579528573,-12833.106027471478,36.4211185584521,32.68861481021231,101.52120157693602,65.71316806159794,37.1697321837768,2004.145873273504,21298.9682417158,Subway
0.022148538088607728,15.946947423797564,31763.84109130222,38.20858919720355,33.5033252978679,101.52120157693602,69.62510435688642,43.84389541433842,2659.945231395459,21018.152765046318,Subway
0.08342137969991603,60.06339338393954,-38346.03310010763,40.906892277791044,33.788004774993524,101.52120157693602,69.91977220581101,50.66211811256079,996.3474446926906,19879.210225249208,Subway
0.00945140844199236,6.8050140782345,-2724.2593441090094,41.29464287684692,34.062795770458685,101.52120157693602,69.91977220581101,50.66211811256079,2847.744147559605,17617.959355213457,Subway
0.0041962785343746725,3.021320544749764,-2175.35079221983,44.25377778544019,33.47449197803312,101.52120157693602,69.91977220581101,59.25470373932137,3125.751089521871,17569.208270302934,Subway
0.0,0.0,194.96785062433722,47.59903344675881,32.464916835046154,101.52120157693602,69.9298407574921,65.14595788001488,3197.054684239728,17549.444432427677,Subway
0.0005415773628453811,0.9748392531216861,-1416.9214787959197,51.04332187851891,30.758516433764377,101.52120157693602,69.9298407574921,66.90305880757836,3254.5671581114852,17540.971017343833,Subway
0.001563838781588496,0.18766065379061952,-22.519278454874343,54.53228621762705,28.666729051584493,101.52120157693602,70.13763464555592,68.35208700012949,3303.8272934756524,17528.540616957274,Subway
0.0,0.0,368.94730031481066,58.030629016457816,25.81288279385433,101.52120157693602,70.29847583090928,69.20294360275832,3232.880702353498,17545.575846910026,Subway
0.00017080893533093087,0.30745608359567556,25733.723756582865,61.43825407708242,21.95983614415803,101.52120157693602,70.29847583090928,69.20294360275832,3322.499102939277,17534.751829759352,Subway
0.020283290669023984,14.603969281697267,62580.40725257191,64.98059767464045,16.652670613470946,101.52120157693602,70.73629658313563,69.71656380293113,2023.779584509783,16730.971319490753,Subway
0.14100166885685558,101.52120157693602,-34067.51827792084,67.79140265312626,11.714138051486687,101.52120157693602,70.77061173931676,69.91972140333493,-1106.6760175250567,8765.047562317883,Subway
0.07528500551210088,54.20520396871263,-9818.240685440223,66.25435262878591,8.679020987131695,72.9362838262482,70.76064479899563,69.91972140333493,618.4005577777264,4079.0474484539172,Subway
0.05634549801703872,40.568758572267875,4716.197052581579,67.1132422923661,8.263903383934606,72.9362838262482,70.79016803045003,69.9332477438619,1149.0644829844825,3257.4575967674336,Subway
0.06544310035612355,47.11903225640896,12373.323302535226,68.7091651854001,5.481454225640231,72.9362838262482,70.90363364724922,70.0472891735037,757.1768860301207,3277.12813264,Subway
0.08931139376379182,64.3042035099301,5120.468856989996,69.76079974933081,2.089304395813993,72.9362838262482,70.90363364724922,70.0472891735037,195.750017500056,1820.3988542957266,Subway
0.09918884140459042,71.4159658113051,1094.6289707590324,70.03267477363644,1.6493422271048683,72.9362838262482,70.90363364724922,70.0472891735037,-98.46091059080452,1412.3472521165074,Subway
0.1013003942031225,72.9362838262482,-1588.269883556793,69.895923508927,1.6419811380652218,72.9362838262482,70.79016803045003,69.9332477438619,-101.83603918798117,1409.4236587476785,Subway
0.09823660198947128,70.73035343241932,-569.0100353888579,69.75448456561035,1.4801638503718995,72.48721643294795,70.76064479899563,69.9332477438619,-59.30989786911723,1374.6148502135482,Subway
0.09713897460639093,69.94006171660146,-302.3590653264432,69.67210970745882,1.4687959199178109,72.48721643294795,70.76064479899563,69.91972140333493,53.16863093978674,1421.934935708787,Subway
0.09655572023654825,69.52011857031474,282.881134967613,69.7459550282085,1.5192369560879075,72.48721643294795,70.79016803045003,69.91972140333493,38.57295112734918,1427.264587897372,Subway
0.09710140143826047,69.91300903554753,-1508.1146427531394,69.79952857144093,1.5297098211168538,72.48721643294795,70.79016803045003,70.01696936551886,-78.40143427736551,1500.1935048308558,Subway
0.09419222967369037,67.81840536505706,-1318.099042769337,69.69063769050015,1.5972294465424424,72.48721643294795,70.79016803045003,70.01696936551886,26.580232665703534,1467.9975728059655,Subway
0.09164960034736062,65.98771225009965,2835.8794951363234,69.72755468031362,1.5597722049893095,72.48721643294795,70.79016803045003,70.01696936551886,68.78154056638287,1439.1553221457566,Subway
0.09712004690433655,69.92643377112232,-749.2788978626925,69.82308459776692,1.365015721920249,72.48721643294795,70.79016803045003,70.01696936551886,4.1144722163952,1333.4498900969227,Subway
0.09567467866000266,68.88576863520191,1345.2173280594832,69.82879914251194,1.3657102167764459,72.48721643294795,70.79016803045003,70.07411481296879,109.30692112993833,1353.7181416193841,Subway
0.09826961949345074,70.75412603528453,-431.7187715125863,69.98061431074798,1.4229260316549948,72.48721643294795,70.90363364724922,70.13101079516066,-22.37766314255464,1355.2627382864118,Subway
0.09743682865334158,70.15451663040594,-1441.4511008979844,69.94953422305,1.4118872803115614,72.48721643294795,70.90363364724922,70.12001462062003,-80.93114656017457,1398.4873892086355,Subway
0.09465625168401676,68.15250121249207,2161.3153120304023,69.8371298528275,1.4824349377171766,72.48721643294795,70.90363364724922,70.07411481296879,-24.54316538721114,1363.0295844725379,Subway
0.0988254556038285,71.15432803475652,-240.6666120070065,69.80304212312306,1.5302770653282907,72.48721643294795,70.90363364724922,70.07411481296879,-86.62711784862566,1284.2272401198902,Subway
0.09836120673807425,70.82006885141345,-28.704788124879315,69.68272668166662,1.5129405607889808,72.48721643294795,70.79016803045003,69.89121433103247,-150.22383837696003,1323.160789748113,Subway
0.09830583484740125,70.7802010901289,434.0132281348167,69.47408246169861,1.6309686317175924,72.48721643294795,70.63874234875472,69.41228013271552,-83.26453224103405,1362.92172197153,Subway
0.09914305172266132,71.38299724031614,795.0378186948979,69.3584372780305,1.6154078670292766,72.48721643294795,70.24729056973433,68.91543773750816,-183.97219114135663,1396.683588239969,Subway
0.10067668949020549,72.48721643294795,-3121.5548865056576,69.10292034588971,1.681144940876389,72.48721643294795,70.11375979026771,68.71447986137206,-223.43203046366585,1378.5996470397802,Subway
0.09465517157642142,68.15172353502342,1144.785931933933,68.79259808135686,1.594130449288942,71.92207199992242,70.05741973949549,68.61884283922134,-24.37405361489116,1215.9374453728637,Subway
0.09686347777228163,69.74170399604277,-763.7497048272155,68.75874522911396,1.6155020252878878,71.92207199992242,70.05741973949549,68.61884283922134,-144.74517191342338,1213.2632828925389,Subway
0.09539019516266123,68.68094051711608,1027.1263988154988,68.55771026812309,1.732665228565172,71.92207199992242,70.05741973949549,68.51202128904671,-65.9837231162844,1222.0620911099882,Subway
0.09737153466654916,70.10750495991539,-737.7470571795129,68.46606620823938,1.7737886168656167,71.92207199992242,70.05741973949549,68.18686332136174,-84.05344782278644,1207.6350759866953,Subway
0.09594841148526152,69.08285626938829,1680.560540789221,68.34932530848552,1.7365131417098312,71.92207199992242,69.32232336854676,67.90236991256124,-150.30545014385893,1279.587763545227,Subway
0.09919023351610493,71.41696813159554,-594.272661575194,68.14056773884127,1.88803948727728,71.92207199992242,69.07119557072656,67.8354987820019,-199.54016655416712,1223.1324563062499,Subway
0.09804387421522684,70.59158943496332,-2056.6065731266813,67.86342861862713,1.7858321818711034,71.92207199992242,68.60456367240195,67.7539391907849,-265.45521282452336,1279.7364243037914,Subway
0.09407665474546087,67.73519141673182,591.5186961082418,67.4947408230375,1.9468573001138183,71.92207199992242,68.48965935290678,67.60492895344858,-655.4403954996985,2479.933030126253,Subway
0.09521770161295362,68.5567451613266,-474.07288475575,66.58440694039903,4.461343651069146,71.92207199992242,68.48965935290678,67.4727065542841,-1141.30188463517,3097.712566226576,Subway
0.0943032091655081,67.89831059916584,1542.5381281365696,64.99926543396131,7.973398916663542,71.92207199992242,68.04664627365919,67.1594029689222,-1211.679444263573,3097.745038172504,Subway
0.09727878425836416,70.04072466602219,1354.5700804081707,63.31637731692857,10.485525578577908,71.92207199992242,68.04664627365919,66.74762188574749,-2260.320654701165,5050.603964292239,Subway
0.09989176666655893,71.92207199992242,-1288.4743573903768,60.177043074288065,16.205325856010674,71.92207199992242,67.80612253011765,66.463977797172,-2227.7928843856967,5077.13575655914,Subway
0.09740628372406206,70.13252428132468,-1602.7884398649849,58.614579370550494,16.51679074497604,70.13252428132468,67.54917160883349,66.27671486989561,-1719.1475279292565,5653.101990033383,Subway
0.0943144850360509,67.90642922595664,-313.6914774387162,57.7585675507802,16.331033815138287,68.74801920562803,67.4717265863435,66.0734221624069,-1174.3584849496604,6166.597052060083,Subway
0.09370937030333731,67.47074661840287,919.636262802112,57.659207179592684,16.271981692011785,68.74801920562803,67.00373114418186,65.89670376475968,-788.4425416263088,6457.924929348514,Subway
0.09548336000781671,68.74801920562803,-1512.6010225736934,58.09584117413203,16.66161544420257,76.20342650919001,67.00471111212246,65.89670376475968,-1023.8188142812699,6478.150323528537,Subway
0.09256553396118535,66.64718445205345,1310.4813345936395,58.20556367887283,16.742485088508147,76.20342650919001,67.00471111212246,65.89670376475968,-1165.949361979149,6520.483721049623,Subway
0.0950934686343984,68.46729741676684,-1580.1399498716353,58.117882645144356,16.700488421169556,76.20342650919001,67.00471111212246,65.79759525176928,-2428.03129643633,8233.699753348108,Subway
0.0920453591631954,66.27265859750068,5.841032248714555,56.2773100357809,17.50878703315021,76.20342650919001,66.4225931865783,65.3143548263644,-2081.7329317134913,8414.892588438603,Subway
0.09205662658651467,66.28077114229056,859.6046504698359,54.9177073774214,17.745932243633714,76.20342650919001,66.4225931865783,64.90063432699361,-1646.187323231547,8747.490666968813,Subway
0.09371481456967408,67.47466649016533,-1262.6364340367115,54.163029175286816,17.557200866610927,76.20342650919001,66.15143118151505,64.05569865032746,-1513.4334483455636,8807.462072060973,Subway
0.09127917330031314,65.72100477622546,811.4792711155644,53.592731354938316,17.285189709815562,76.20342650919001,65.8854447460364,59.6432718031832,-1416.3501721400464,8821.062904252072,Subway
0.09284452683255766,66.84805931944152,665.7319046854582,53.15727141820859,17.071953656252937,76.20342650919001,65.8854447460364,56.540258062413194,-1277.5063851319553,8879.634186560488,Subway
0.09412873189560832,67.77268696483799,-2062.787103600963,52.91465007454566,16.900766225482773,76.20342650919001,65.14932508920577,56.540258062413194,-1169.0596359625854,8917.77864270458,Subway
0.0901495901062546,64.90770487650332,695.8662125830574,52.82264921584018,16.82044553996799,76.20342650919001,65.14932508920577,56.540258062413194,-1075.3151199652482,8917.743736229142,Subway
0.09149192462126823,65.87418572731312,-1912.5735869823188,52.86084907379767,16.850176913891833,76.20342650919001,65.72232295856821,56.540258062413194,-1019.4007011707502,8932.926487512248,Subway
0.08780254655995974,63.21783352317101,-9856.310226630187,52.97670784674754,16.952022056424248,76.20342650919001,65.7335819772915,56.540258062413194,-925.8555712475694,8932.876947885052,Subway
0.0687896024499478,49.528513763962415,-9125.711086601183,53.22249041125737,17.142881038562198,76.20342650919001,65.92258379933682,56.540258062413194,-390.42613099656734,8686.967152148334,Subway
0.05118599310079429,36.853915032571884,-1881.6240773238121,54.2119249761158,17.486090407086106,76.20342650919001,66.4828735463883,59.50371924390696,135.9646224607954,8445.399819750568,Subway
0.047556317025709775,34.24054825851103,-19430.286080615275,55.93245780966504,17.380859683412922,76.20342650919001,68.14795390660323,63.444598111833415,129.43663616538726,8447.091711908966,Subway
0.12090066355353395,7.254039813212037,2005.1254867175376,57.643923995581744,16.808295049998886,76.20342650919001,68.26098888394398,65.28263290656858,1008.0944098720207,7114.243372074216,Subway
0.05648999711829305,40.672797925171,8884.43277173844,60.57574820053545,11.975437550883345,76.20342650919001,68.26098888394398,65.78111297396967,985.2927637778697,7111.609952150969,Subway
0.07362817761933171,53.01228788591883,9292.992419726932,61.94421037244918,11.114180879396086,76.20342650919001,68.26098888394398,65.90487285724618,541.3816044847787,6865.420502229034,Subway
0.09155447472528645,65.91922180220624,7404.6273890283155,62.69612926756692,10.986061105644408,76.20342650919001,68.26098888394398,65.92594579646739,-36.31884265760649,6570.003452885747,Subway
0.10583809237387501,76.20342650919001,-3787.8891902971145,62.645686430542455,10.972791370599156,76.20342650919001,68.26098888394398,65.91159685150733,-638.8815760362861,6402.136107933953,Subway
0.0985312073617278,70.94246930044402,-4355.21197653127,61.75835090826983,10.527229677323463,71.26457170355636,68.14795390660323,65.78111297396967,-821.9587607484494,6547.625536689954,Subway
0.0901299496909499,64.89356377748392,-23931.157354549985,60.61674151834143,10.715176292972444,71.26457170355636,68.07137054454725,65.2910335486852,-943.4860313753181,6638.580386640092,Subway
0.04396645170763588,31.65584522949783,5345.8273445851355,59.30634425254239,11.720034998182257,71.26457170355636,68.07137054454725,65.2910335486852,82.00429711008121,3933.78359481309,Subway
0.05427861865320906,39.08060543031052,8716.753201887597,59.420239109639716,11.445027824200066,71.26457170355636,68.07137054454725,65.2910335486852,-1109.3840438740833,5537.1589987318785,Subway
0.0710933431938873,51.18720709959885,3514.682148189509,57.87942793759238,15.634852454457114,71.26457170355636,68.07137054454725,65.2910335486852,-1537.4168279508397,5046.763918328328,Subway
0.07787320844888249,56.06871008319539,679.0290900736363,55.852527843461,18.84600369873713,71.26457170355636,68.07137054454725,65.2910335486852,-591.2626320779452,7310.080388242852,Subway
0.07918306394670972,57.011806041631,3588.355011277377,55.139730799153064,19.105209744719872,71.26457170355636,68.07137054454725,65.2910335486852,-109.53631326377953,7704.982810680318,Subway
0.08610504506414293,61.99563244618291,2834.666888072853,55.09599808653146,19.101699676812814,71.26457170355636,68.07137054454725,65.2910335486852,201.73126019313358,7982.965546426382,Subway
0.09157315248712297,65.93266979072854,-187.89678365421537,55.484581448155595,19.327163698374736,71.26457170355636,68.14795390660323,65.78111297396967,231.13509659168585,7994.248979759297,Subway
0.09121069727174062,65.67170203565324,1814.1545884730238,55.91400347144438,19.66399955225,74.52111025650414,68.26098888394398,65.78111297396967,165.51766293389977,8003.250314088865,Subway
0.0947102238698753,68.19136118631022,-41.67098851870378,56.25229017020845,19.897509859055216,74.52111025650414,68.68170524791678,66.96628263786565,-11.805535695124206,8004.08832923623,Subway
0.09462984001856609,68.13348481336757,852.2785783898553,56.34429464865444,19.959777483270802,74.52111025650414,69.4297287155148,66.96628263786565,149.16913439848182,8035.767894010998,Subway
0.09627389591823787,69.31720506113126,1402.1039825460684,56.659875057785996,20.20438162826503,74.52111025650414,69.83333744780654,66.96628263786565,-164.88634035271943,8129.04102629516,Subway
0.09897857181049494,71.26457170355636,-2012.1838032319727,56.539267307540875,20.13191807994884,74.52111025650414,69.83333744780654,66.39778698425754,-238.07300825832118,8120.775597189119,Subway
0.09509704441228511,68.46987197684528,-1857.1306064826024,56.31701140742687,19.984794318377958,74.52111025650414,68.79422890230032,66.35498880678117,-135.0132205301423,8110.147808252626,Subway
0.09151461654484183,65.89052391228611,1549.0925648345171,56.23789410137979,19.93722601162402,74.52111025650414,68.47982426087171,66.35498880678117,-114.70996094924843,8106.116964505436,Subway
0.09450283522700718,68.04204136344516,6.209585876620167,56.18697576697282,19.91256152546635,74.52111025650414,68.47982426087171,65.86490938149669,-184.52708440807538,8097.0407850650445,Subway
0.09451481359482473,68.0506657882738,-2261.0165231207748,56.03908920553971,19.830697354114346,74.52111025650414,68.47982426087171,64.99733759825007,-288.8023135157235,8107.876672261602,Subway
0.09015328480794052,64.91036506171717,-4646.62727854528,55.746375937012644,19.686751465026248,74.52111025650414,67.62061246183806,64.89126114293202,-114.81049520357831,8100.660957897524,Subway
0.0811898834218578,58.456716063737616,-7449.432884540377,55.695317971696895,19.663043513585066,74.52111025650414,67.62061246183806,64.3806814897745,-353.4182771869763,8308.782028543767,Subway
0.0668198354192722,48.11028150187598,-6785.757389068645,55.31286030918197,19.680887974615153,74.52111025650414,67.62061246183806,64.3806814897745,37.929075282853915,8139.569046786009,Subway
0.053730025640976196,38.68561846150286,-3421.3507848419936,55.972049603727115,19.647708804548383,74.52111025650414,67.62061246183806,64.3806814897745,666.2115312129711,8069.799979100072,Subway
0.04713019773811742,33.93374237144454,-18481.93947509816,57.50385342039741,19.422017661106743,74.52111025650414,69.43309601584804,64.97823367946492,721.4060564288909,8044.1052802371005,Subway
0.12626139150416854,8.26438198936376,156.09752035247243,59.1123162998676,18.685390803639546,74.52111025650414,69.43309601584804,65.59365504781566,1417.9677665721433,6800.803665237552,Subway
0.014790562801348578,10.649205216970977,22437.766065647393,61.688225998981196,14.356299495769763,74.52111025650414,69.43309601584804,65.59365504781566,940.878737165434,7215.998145064083,Subway
0.058073290551440004,41.8127691970368,10313.555466356958,63.49311099034071,8.793157034039599,74.52111025650414,69.43309601584804,65.59365504781566,-540.3748567559688,5377.393863183317,Subway
0.07796826637388785,56.137151789199244,9813.706480415629,63.24069932347604,9.49287233201403,74.52111025650414,69.43309601584804,65.59365504781566,-1306.3465324242375,4811.22368481337,Subway
0.09689902733147972,69.7672996786654,3422.7436160438992,61.92443810707211,12.018734073769823,74.52111025650414,69.43309601584804,65.59365504781566,-2051.4077185978667,4099.736468248213,Subway
0.10350154202292243,74.52111025650414,-1500.2454568099358,59.57336968764927,14.703103629570046,74.52111025650414,67.50921124089895,64.97823367946492,-2629.381603368395,4102.199223558883,Subway
0.1006075500151872,72.43743601093479,-1732.3093841074501,56.41955976160067,17.772579480225453,74.44509299599864,66.89190690598483,64.3806814897745,-2681.3996385099417,4093.7149905159135,Subway
0.09726590382670833,70.03145075523,3177.8224133534195,53.017071581213756,20.80059902024952,74.44509299599864,66.83647173993302,63.042803086567304,-2689.603741210786,4091.8768404162834,Subway
0.10339596249444255,74.44509299599864,-5428.830916634167,49.60318881374235,23.312494895703136,74.44509299599864,66.28211339595532,61.74523390525563,-2879.9733788668086,3888.0241323605487,Subway
0.09292368063365133,66.90505005622896,-61.62937556597399,45.92490377174868,24.93387939004704,69.32169479490891,65.33898259129931,60.53832168220723,-2640.189950655609,3870.3968558549186,Subway
0.09280479680732809,66.81945370127622,49.01195133160627,42.57965126893724,26.41509182813342,69.32169479490891,64.9251954518059,55.29506939253749,-2572.616648171703,3929.1372845918495,Subway
0.09289934146653257,66.88752585590345,-1451.0654148647222,39.292421778628096,27.31526105931848,69.32169479490891,64.13494362258831,48.77723392880019,-2595.723321573648,3914.2390573540138,Subway
0.09010021836687068,64.87215722414689,152.75009565797632,35.99031308290129,27.791474669026183,69.32169479490891,62.6196017521499,41.75572045195231,-2538.386385049327,3940.2016172295985,Subway
0.09039487518719856,65.08431013478297,-2079.2949962763428,32.767839021236036,28.002034068085777,69.32169479490891,61.519650649017194,33.28823166043211,-2541.7633305442914,3937.802001681533,Subway
0.08638388946907291,62.19640041773249,1218.8198431221304,29.546592200949902,27.793633257784776,69.32169479490891,60.16044882692147,26.27892937566449,-1025.4741747336038,7935.063100673728,Subway
0.08873500799361406,63.889205755402116,-9418.78291821324,28.431302541511947,26.84590157244909,69.32169479490891,53.05131610298839,26.27892937566449,-531.7160407647267,8376.997750488576,Subway
1.4113211892622022,50.80756281343928,377.5141648562213,28.00178806814187,26.312156794074333,69.32169479490891,51.93040118207965,26.27892937566449,348.4880737236791,8318.713682425372,Subway
0.08513064915663718,61.294067392778764,5779.891729533703,28.79477930933903,27.25765062481628,69.32169479490891,56.419831208909486,26.27892937566449,413.7340747803472,8324.0690270559,Subway
0.09628013165959572,69.32169479490891,-2317.460280523601,29.180281028929606,27.790782730381924,69.32169479490891,56.419831208909486,26.27892937566449,80.66483480756229,8230.801077547616,Subway
0.09180972216784494,66.10299996084835,-4550.705272233107,29.103186581891315,27.675464943656866,69.00410178459026,56.419831208909486,26.27892937566449,168.9973384285553,8213.170889755254,Subway
0.0830313555161607,59.7825759716357,-9385.68306778171,29.148776167659957,27.74029738356912,69.00410178459026,56.419831208909486,26.27892937566449,463.902228355655,8140.351052257526,Subway
0.06492625700577931,46.7469050441611,-7187.305812780666,29.603955878327348,28.33766779127635,69.00410178459026,58.14103412534619,26.27892937566449,1043.569131707939,7808.049350945264,Subway
0.051061855360754874,36.76453585974351,-5005.878047008416,30.864228510317353,29.669393753563863,71.95235768396125,66.7542386470922,26.27892937566449,1454.0854557562886,7564.563178366537,Subway
0.0414054548071121,29.81192746112071,-5087.5172430569555,32.69466270348563,31.145141133914308,73.37321972310893,67.20604522070167,26.27892937566449,1535.3594463262439,7499.960352122019,Subway
0.03159157123640038,22.745931290208272,-8136.734079366664,34.63797743911217,32.1520675075645,73.37321972310893,68.00440993402019,31.31826925959085,1785.4520427400269,7349.375196796166,Subway
0.03179142148758986,11.444911735532349,-2540.6061596408726,36.92864300309119,32.883880187192275,73.37321972310893,68.58898747075438,47.59476175848709,2129.9951760032714,7013.5881083833365,Subway
0.006093989448884155,4.387672403196591,-1896.391438124334,39.69784069660249,32.95681031944339,73.37321972310893,68.58898747075438,60.983151962691636,2099.274980977927,7036.430890388445,Subway
0.0024358269525023373,1.7537954058016827,-629.5703397670227,42.60080243588699,32.231925891126515,73.37321972310893,68.58898747075438,64.55714741313453,1746.0033413777533,7414.787438580557,Subway
0.0012213779946184198,0.8793921561252622,-633.1623524101888,45.01310912017125,30.786983329031564,73.37321972310893,68.58898747075438,64.55714741313453,1358.331518382255,7741.03926690473,Subway
0.0,0.0,1289.83667411215,46.886982716961754,29.050972524003488,73.37321972310893,68.58898747075438,64.55714741313453,1210.0816130607382,7809.27685141127,Subway
0.0005971466083852546,1.0748638950934584,-413.12151670729276,48.55495366747238,27.110091708985273,73.37321972310893,68.58898747075438,64.55714741313453,1051.2255840488829,7839.823781009566,Subway
0.0011740999185655342,0.8453519413671846,-304.3266843782999,50.038120040858544,25.113706491755515,73.37321972310893,68.58898747075438,64.55714741313453,146.51390217826193,8978.97428482107,Subway
0.001174099974560467,0.42267599084176805,85.21118575868813,50.247529015117145,24.695913088276683,73.37321972310893,68.58898747075438,64.55714741313453,225.4163463928474,8981.737126378694,Subway
0.0009157968459171475,0.6593737290603462,28246.488119937418,51.53950695349653,22.53333035846965,73.37321972310893,68.58898747075438,64.55714741313453,825.7859154010584,9365.002074448676,Subway
0.05540362115135199,39.89060722897343,11093.982522499668,53.65941407204296,19.249804717959588,73.37321972310893,68.58898747075438,64.55714741313453,-191.86694180547912,7047.606401386929,Subway
0.07680405040000104,55.29891628800075,8185.299371554875,54.365914444469205,18.97520850781059,73.37321972310893,68.58898747075438,64.55714741313453,-294.85361007914696,6887.230972298069,Subway
0.09259359394080906,66.66738763738252,1682.4341859895753,54.92937777762646,19.170683849779326,73.37321972310893,68.58898747075438,66.6177852942642,-595.2380817978958,6623.882323331265,Subway
0.09583903025637537,69.00410178459026,-881.4930699219826,55.07564045561878,19.27582318444405,73.37321972310893,68.73020917648455,66.69852427845214,-759.0361252019068,6605.072679081523,Subway
0.09413861924186537,67.77980585414306,-550.8102081037464,54.99440585110553,19.21736954258383,73.37321972310893,68.58898747075438,66.69852427845214,-719.347751586741,6606.682723632599,Subway
0.09307609955030723,67.0147916762212,1347.3925263088802,54.96829398772447,19.199429296668644,73.37321972310893,68.58898747075438,66.69852427845214,-694.2926708356306,6608.305508428391,Subway
0.09567523636803268,68.88617018498353,2207.6549992639625,54.97698084760883,19.205205086562568,73.37321972310893,68.58898747075438,66.69852427845214,-820.0987658727029,6591.319652360522,Subway
0.09993383011661285,71.95235768396125,1023.0206681863285,54.8109370199417,19.09264608285372,73.37321972310893,67.67436791319122,66.06673829139345,-980.2095899389564,6552.68058965049,Subway
0.10190724961542907,73.37321972310893,-3380.3982356093056,54.42251704773811,18.80238139644419,73.37321972310893,67.28802886347262,64.87462593576524,-901.7728687410723,6587.219640006251,Subway
0.09538641968562718,68.67822217365156,-85.66531478129605,54.14303696608714,18.545660698625753,69.59264119722907,67.28802886347262,64.87462593576524,-726.4983535275462,6564.394524148375,Subway
0.09522117023581757,68.55924256978865,-1245.8714141017742,54.10699371112163,18.5166026964324,69.59264119722907,67.28802886347262,64.87462593576524,-879.410093465425,6584.270563388791,Subway
0.09281786889688669,66.82886560575841,-3155.0100601477498,53.85857303957572,18.345038499880392,69.59264119722907,67.20578880206176,63.887393689379984,-864.6110105482301,6583.736146997809,Subway
0.08673181554012019,62.446907188886534,-8961.824230127815,53.63070664985925,18.20320870912107,69.59264119722907,67.20578880206176,63.01886816387852,-700.2782684583115,6564.548103287172,Subway
0.06944434596039832,49.99992909148679,-8383.006799676996,53.6310801797121,18.20339921470935,69.59264119722907,67.20578880206176,63.02260346240713,-219.2317095739589,6273.332090597605,Subway
0.05327342234991029,38.35686409193541,-3598.1604588405244,54.29957393023767,18.308224962037222,69.59264119722907,67.20578880206176,63.48031662043438,359.96170646936025,6009.114693447301,Subway
0.04633252640307286,33.359419010212456,-1887.2839061249517,55.77250298082341,18.142345494475638,69.59264119722907,67.28802886347262,63.887393689379984,584.3160171462916,5936.887822559699,Subway
0.042691932448356514,30.73819136281669,-18507.355154119712,57.55703524068268,17.567921561905,69.59264119722907,67.48046179326641,64.87462593576524,696.2024037476542,5908.876561164407,Subway
0.08389219044232182,5.03353142653931,1273.7221999134038,59.496965259710485,16.56407511111032,69.59264119722907,67.79157484347965,66.06673829139345,1615.3204262617148,3827.7642582051517,Subway
0.03647532605337413,26.262234758429372,12092.602565922922,62.713448087785615,10.605769511778322,69.59264119722907,67.85092309632293,66.87835591252717,1342.90765922251,4041.269640121167,Subway
0.059802105694429154,43.05751609998899,7893.430975806665,64.57859761448354,6.239194903728732,69.59264119722907,67.85092309632293,66.87835591252717,282.00725533648637,3851.3483114033343,Subway
0.07502863149652535,54.020614677498244,9034.249157026301,64.97027435800644,4.924414354911985,69.59264119722907,67.85092309632293,66.87835591252717,-507.4707805115653,3827.239178079756,Subway
0.09245580965436928,66.56818295114589,2177.609937179893,64.26545382951817,7.101602585456697,69.59264119722907,67.85092309632293,66.87835591252717,-1113.1500087124546,3133.3566711099393,Subway
0.0966564461072626,69.59264119722907,-1593.5266820906406,62.71941215075085,9.525895095448103,69.59264119722907,67.85092309632293,66.37691125277473,-1521.4086493265038,3212.949570895215,Subway
0.09358251346434085,67.3794096943254,-87.7255976186666,60.60634458224181,12.225701364253839,69.53679174337297,67.79157484347965,64.87462593576524,-1693.0812881016732,3307.346286679542,Subway
0.09341328970350236,67.2575685865217,-49.70859308153763,58.25484279321172,15.050871221902634,69.53679174337297,67.79157484347965,63.887393689379984,-1947.5598580539408,3372.486628273391,Subway
0.09331740121376175,67.18852887390845,-1168.7293744325677,55.54989854591457,17.93310052920075,69.53679174337297,67.79157484347965,63.57802721562925,-2067.2193504572633,3343.940380553847,Subway
0.09106290782172362,65.565293631641,-994.5614820611047,52.67876055916838,20.398898215961605,69.53679174337297,67.79157484347965,63.467514697193124,-2046.294686482201,3351.1601442229794,Subway
0.08914438644429092,64.18395823988946,2591.755092144009,49.83668460572089,22.37317009852999,69.53679174337297,67.79157484347965,62.91209094397101,-2254.807132459047,3411.4718282346957,Subway
0.09414391401401316,67.78361809008948,125.09206866121303,46.7050080328611,24.538033352731535,69.53679174337297,67.79157484347965,62.36295779868639,-2408.2877642335075,3247.0384808042295,Subway
0.09438521815880717,67.95735707434116,-3143.900113538873,43.36016391587012,26.027751551042527,69.53679174337297,64.64698313006542,56.581294390937984,-2397.34842185686,3256.3778205687636,Subway
0.08832059602620904,63.590829138870504,-949.8897557578732,40.030513329957806,26.958377830705327,69.53679174337297,63.57162625400862,45.407627539089745,-2120.9259139201804,3420.195124923878,Subway
0.08648824696031808,62.27153781142901,131.6447816506195,37.08478289395755,27.462529074506588,69.53679174337297,63.4186593995957,37.78577674176623,-1989.9135126530782,3516.2493792852893,Subway
0.08674219136936634,62.45437778594376,659.10694755924,34.32101412638382,27.575545669583747,69.53679174337297,63.4186593995957,31.489319601424164,-425.34856682701883,8264.944780437208,Subway
0.08801361680833092,63.36980410199826,3200.8615211893884,33.730252228012965,27.062907946041946,69.53679174337297,63.4186593995957,31.489319601424164,-191.21101658066718,8363.030021516279,Subway
0.09418811819951416,67.81544510365019,888.9257546981014,34.94853080289712,28.95003409215416,87.73537559968122,64.62778024520354,31.489319601424164,-1053.31246540223,8868.382368264009,Subway
0.09590286695471882,69.05006420739755,350.44382590230157,34.96944625441798,28.97516930810302,87.73537559968122,64.73235750280787,31.489319601424164,-1050.401544603925,8869.062962268423,Subway
0.09657887742135135,69.53679174337297,-124.99470383849484,34.99440465149206,29.00626874737106,87.73537559968122,64.73235750280787,31.489319601424164,-1030.9594268376936,8872.720858516746,Subway
0.0963377610945024,69.36318798804173,-4174.533140870691,35.04636598990811,29.0722599247633,87.73537559968122,64.73235750280787,31.489319601424164,-1117.3826286550316,8871.849883865068,Subway
0.08828503512831666,63.56522529238799,-9125.405511797551,34.97829510357787,28.98915529647882,87.73537559968122,64.67436153465019,31.489319601424164,-879.4572587254904,8849.326359263172,Subway
0.07068201523673187,50.89105097044695,-7896.1297411543765,35.24067611992753,29.28376479094436,87.73537559968122,68.05976622959447,31.489319601424164,-483.5205985279267,8635.535681310383,Subway
0.055450283482961854,39.924204107732535,-3079.335406991478,36.052969164329376,29.958284986947234,87.73537559968122,68.05976622959447,31.489319601424164,20.824057626809168,8472.850770560339,Subway
0.04951020746638879,35.64734937579993,-5987.562875101095,37.56574089783502,30.912739241113925,87.73537559968122,68.378527005396,31.489319601424164,216.01549767870378,8442.585364667819,Subway
0.03796012475978945,27.331289827048405,-5026.979457594029,39.34961185363496,31.81252592323398,87.73537559968122,68.9969422517558,38.98521482278748,374.89047906342455,8349.080150734533,Subway
0.028263019324615786,20.349373913723365,-5177.296996664025,41.35414250580257,32.2750921582099,87.73537559968122,68.9969422517558,58.888025838505186,698.7363124343761,8253.591409961839,Subway
0.01827594950080401,13.158683640578886,-2442.898441147985,43.80845903765206,32.45957026428826,87.73537559968122,69.46408645025454,67.27940736444219,948.7549969083227,8141.196335071329,Subway
0.01356356824858953,9.765769138984462,-750.2360949313154,46.610023742382026,32.09089705058129,87.73537559968122,69.46408645025454,67.71183656591869,1089.8909880876895,8103.684875319206,Subway
0.012116353559293011,8.723774562690968,-5164.810401598026,49.60761065708333,31.257364568604217,87.73537559968122,69.59130096991186,68.11776219775214,997.0765022057873,8136.433983915859,Subway
0.0021533705315190414,1.5504267826937097,-477.8575433451995,52.47628856361534,29.911510349282217,87.73537559968122,69.59130096991186,68.11776219775214,1347.1160607952756,8006.950789032656,Subway
0.0012315774309303077,0.8867357502698215,343.87891619415745,55.83113252374385,27.57022557084157,87.73537559968122,69.59130096991186,68.44053005966575,1547.0442989671476,8008.904589285922,Subway
0.001894924105687556,1.3643453560950403,2384.5500451947255,59.46365459244441,24.573137204677252,87.73537559968122,69.83304026921935,68.73007580232269,1533.676936897577,8011.241208772526,Subway
0.006494750581757629,4.676220418865492,1670.3582695841676,63.08824027977094,20.573106506548868,87.73537559968122,70.27873371130757,69.00141167727983,1556.0801963434901,8014.371781304542,Subway
0.00971689230549252,6.996162459954614,31422.943698171806,66.7439416052168,15.523671918610217,87.73537559968122,70.76320600672025,69.31284114294566,995.5969140020212,8389.168083919689,Subway
0.3516606931842122,50.639139818526566,5341.857952486271,69.62119392741062,6.681422425563499,87.73537559968122,70.76320600672025,69.31284114294566,-532.4598525047772,4381.059707677308,Subway
0.12185468833289059,87.73537559968122,-14041.16745524187,70.37614518501167,5.086345056323801,87.73537559968122,70.76320600672025,69.31284114294566,-972.7646837129593,4198.310120971901,Subway
0.09476910296398267,68.23375413406751,947.1441706642111,69.03571252357737,3.5803611339424375,77.79024692778266,70.27873371130757,69.00141167727983,-190.94914278293035,2888.057437682979,Subway
0.09659615576233183,69.54923214887891,739.2861812269246,68.78113478010145,3.813790046561881,77.79024692778266,70.27873371130757,69.00141167727983,3.9035874397590304,3093.071594958879,Subway
0.09802224793290845,70.57601851169409,-1853.4587401852548,68.79718582860151,3.8178662291542715,77.79024692778266,70.27873371130757,69.00141167727983,-152.86484473588,3133.035896046349,Subway
0.09444690314088444,68.00177026143679,583.9742577201343,68.59550294352428,3.8254853063806706,77.79024692778266,69.94759953362123,68.73007580232269,42.376123374681654,3143.1343239619814,Subway
0.09557339669358532,68.81284561938142,-1206.672307846277,68.66498806971171,3.8267541873195303,77.79024692778266,69.94759953362123,69.00141167727983,71.73282208735802,3151.1906313709474,Subway
0.09324571091456085,67.13691185848381,2190.7633819403404,68.77524638855566,3.862836607030019,77.79024692778266,70.38923208244907,69.29072526018189,91.26031684994693,3144.0535877483976,Subway
0.09747172052478527,70.1796387778454,824.4933940464136,68.91262622790319,3.8503416438745686,77.79024692778266,70.38923208244907,69.41358866794931,24.053598216961838,3111.00525444607,Subway
0.09906217846083161,71.32476849179875,-2810.0632474066774,68.95666340248265,3.8705788664981995,77.79024692778266,71.02860456455389,69.41358866794931,-43.00444666548151,3107.295828802427,Subway
0.09364153176444527,67.42190287040059,1449.9372098249978,68.90756440361433,3.8451024307210475,77.79024692778266,70.51159438488892,69.41358866794931,52.46231024376773,3046.544698741946,Subway
0.09643847854265707,69.43570455071308,-176.9233071850931,68.99105812267551,3.829241793245682,77.79024692778266,70.51159438488892,69.41358866794931,-63.29843291432637,3034.6122355243137,Subway
0.09609719129885866,69.18997773517823,379.8213824393531,68.91377303179488,3.8353886396855175,77.79024692778266,70.51159438488892,69.29072526018189,-2.605017748030252,3044.3434013205765,Subway
0.09682987143473704,69.71750743301067,-2606.5258125693617,68.92078435086744,3.836048247388041,77.79024692778266,70.51159438488892,69.3608384509075,110.06735679519898,3100.426015688333,Subway
0.09180185096295973,66.097332693331,1835.9807701917396,69.08428507902781,3.9400707622138933,77.79024692778266,71.02860456455389,69.3608384509075,110.61028465369793,3099.9261752224797,Subway
0.09534348053508884,68.64730598526397,3520.7072200922426,69.24853987365832,3.8769657618929614,77.79024692778266,71.02860456455389,69.38695068556345,-103.1301968415235,3121.99615895972,Subway
0.30640490468450404,73.53717712428097,76.53167480273964,69.11593288843437,3.9434000301273833,77.79024692778266,71.02860456455389,69.38695068556345,-224.80145761391304,3019.054801421554,Subway
0.10257785986475795,73.85605910262572,2832.6152341129964,68.81433804102653,3.816069103710409,77.79024692778266,70.51159438488892,69.35631635128539,-179.3050155568596,3030.6686892225284,Subway
0.10804200962192037,77.79024692778266,-9539.307377245212,68.56530329719757,3.627596649234254,77.79024692778266,69.99907861268376,69.2109906841267,-327.5938267704225,2946.9411047543786,Subway
0.08964056792198748,64.54120890383098,861.8083680358359,68.11031187112754,2.9091997126023377,72.98752199621825,69.87381700051847,68.98357073883513,276.2132467342555,2065.536718237165,Subway
0.09130300690353808,65.73816497054742,-3464.23867167737,68.49394138048066,2.9196439558616794,72.98752199621825,69.99907861268376,69.2109906841267,43.99018891158342,2249.1556032719213,Subway
0.08462044773749378,60.92672237099551,1595.1433633587094,68.55503886508009,2.8713261054931465,72.98752199621825,69.99907861268376,69.2109906841267,227.31007756661967,2092.0971807702044,Subway
0.08769749897854066,63.14219926454928,4844.198775117999,68.87074730614485,2.2732783381857553,72.98752199621825,69.99907861268376,69.2109906841267,-13.817623378240615,2201.217578675285,Subway
0.09704201822066644,69.87025311887983,-2396.082462285856,68.85155616256397,2.3252112883101805,72.98752199621825,69.99907861268376,69.2109906841267,-767.9801638410181,2916.7545989812315,Subway
0.09241994556965205,66.54236081014948,2051.360622025978,67.7849170461181,5.086594787500381,72.98752199621825,69.99907861268376,68.98357073883513,-2069.0817082015396,6842.83541546005,Subway
0.09637704553497994,69.39147278518556,1171.1082319736613,64.91119245139373,14.091015088646015,72.98752199621825,69.99907861268376,68.98357073883513,-2126.199629664293,6811.326571171798,Subway
0.09863612777258346,71.01801199626009,-816.1224125944977,66.0612723081176,15.357673244334656,92.39306991966282,70.51159438488892,68.98357073883513,-2669.3567126807015,6965.926216883506,Subway
0.09706181756310334,69.8845086454344,846.6290092806378,66.45696732731867,15.592267042017426,92.39306991966282,70.52218695318273,68.98357073883513,-2903.785247555421,6979.156763566994,Subway
0.09869497537421568,71.06038226943528,-516.6675036024526,66.52706715919373,15.611627172232295,92.39306991966282,71.11691302281042,68.98357073883513,-3307.7348478734916,6984.461800168623,Subway
0.09769831738115538,70.34278851443187,-900.7281092216931,66.03612587951595,15.615950625308695,92.39306991966282,70.57871770655788,68.78289131621416,-3599.296429833924,6983.52876048059,Subway
0.09596080173836662,69.09177725162397,-865.2776533368842,65.14023795822644,15.867813577601256,92.39306991966282,69.85844776018996,68.29021056974128,-3618.6276268677248,6976.196924097885,Subway
0.09429167046263962,67.89000273310052,1036.9449961408293,64.21750115216774,16.159829725049818,92.39306991966282,69.85844776018996,67.69764145461242,-3860.42482868335,6959.529971914457,Subway
0.09629195016198534,69.33020411662945,2633.2688733039377,62.958934899142925,16.825253890299766,92.39306991966282,69.85844776018996,67.37308568420741,-4271.027756604058,6897.356954052403,Subway
0.10137155832808091,72.98752199621825,-2595.6672553993835,61.130086801783776,18.04029305334787,92.39306991966282,69.85844776018996,67.10050292741317,-4305.770261687786,6862.410576469341,Subway
0.09636448414714074,69.38242858594133,-2438.828859712688,59.25298522514167,18.683261307579766,92.39306991966282,69.00213031602004,66.47764047166032,-4395.775683071386,7038.3178571418775,Subway
0.0916599531677567,65.99516628078482,1087.2820046444508,58.71985662720485,19.03828728571624,92.39306991966282,68.78289131621416,65.99516628078482,-4504.494951035758,7225.934215813067,Subway
0.09375733357795046,67.50528017612433,986.4605159438088,58.315672757561515,19.506174281279808,92.39306991966282,68.82912777113023,64.85924552773366,-4833.423007252241,7308.098539054471,Subway
0.09566022809173096,68.87536422604629,-133.16099015826012,57.77510761529311,19.96704743228412,92.39306991966282,68.87536422604629,62.75837639293148,-5197.165727451995,7387.127920091541,Subway
0.09540335889775282,68.69041840638204,2536.834092848347,57.08134157712104,20.40916632746707,92.39306991966282,69.3394401255205,61.99996653440537,-5534.766043271577,7517.556261554796,Subway
0.10029694318179672,72.21379909089363,-3782.652788417606,56.30740312183698,20.881050324084068,92.39306991966282,69.2636982376132,61.24155667587925,-6111.308910137285,7449.247653281198,Subway
0.09300015925352201,66.96011466253584,202.15910142335588,55.171231981190076,21.182666818634946,92.39306991966282,67.17069705985185,56.83329338226043,-6290.436304115723,7721.9762818158715,Subway
0.09339012665595904,67.2408911922905,-3227.410655538497,54.26439485185578,21.762930073746826,92.39306991966282,67.2408911922905,52.425030088641606,-6831.48592124398,7803.731048233272,Subway
0.08716441165684928,62.75837639293148,-10239.05203413755,53.18302015681956,22.362874251538656,92.39306991966282,64.89040861543258,51.53103560954598,-7159.129127217206,8097.593418474807,Subway
0.06741315387494815,48.53747078996266,-28418.113349496292,52.31253322626392,23.240174102583737,92.39306991966282,66.26403097940756,50.63704113045035,-6851.136836525171,8467.425648956354,Subway
0.8312213172690399,9.067868915662254,909.0021927709153,52.69003946989405,24.46171774913762,92.39306991966282,68.77526813117171,51.53103560954598,-4454.806112861714,4007.174655225086,Subway
0.12832370822175393,92.39306991966282,-9692.033428354507,57.53694730925314,20.22082562871326,92.39306991966282,71.28650528293588,52.425030088641606,-5125.282151065792,3705.0707581021607,Subway
0.10962765608372439,78.93191238028156,-5504.693110088891,53.17993198295193,16.49344618322993,78.93191238028156,63.75279382764341,51.53103560954598,-4472.889111453118,3470.3100553659096,Subway
0.09900903511518871,71.28650528293588,-7232.36299708077,49.50107764047626,13.822289304460387,71.28650528293588,56.83329338226043,50.63704113045035,-4300.921778347156,3768.7200800459627,Subway
0.08505771760538786,61.24155667587925,-6347.899142811105,45.87017303339966,10.886950193127698,61.24155667587925,51.97803284909379,46.67785940152716,-3714.633534600432,3895.6462257897515,Subway
0.07281254178978001,52.425030088641606,-1287.3520498977045,42.79589630490375,8.790521890608503,52.425030088641606,50.63704113045035,42.71867767260397,-3056.317132547765,4164.798048797738,Subway
0.07032922379229216,50.63704113045035,-5701.221689649396,40.38861285896928,8.024812119413697,50.63704113045035,44.69826853706556,39.08208406799011,-3645.972160097785,4892.05027282162,Subway
0.059331496767505515,42.71867767260397,-7175.113562273329,36.97247010180893,5.155213507124462,42.71867767260397,39.08208406799011,35.445490463376245,-2618.34739532198,6444.24051386546,Subway
