0.0015479331546030834,5.572559356571101,-4903.685545348287,11.837524612488103,9.004023843100146,34.20128929743552,14.995903167210889,9.548859123531468,-1892.5286664234088,10297.362522006957,Bus
0.003508687069052703,4.210424482863243,-1464.5110039952954,11.835820713430177,9.00527494525895,34.20128929743552,14.995903167210889,9.548859123531468,-1656.015053967723,10278.867799140706,Bus
0.0024916655385004145,2.989998646200497,1343.7857175884217,11.868504306012031,8.977285572495562,34.20128929743552,14.995903167210889,9.548859123531468,-1507.482920842121,10303.215143446412,Bus
0.17352573660657655,4.109820077524182,712.6926920505317,12.024964676198554,8.840631197666397,34.20128929743552,14.995903167210889,9.548859123531468,-1729.0526103772354,10286.306184879351,Bus
0.01900071627635307,34.20128929743552,-22809.131998560908,11.996783638439148,8.868045841761385,34.20128929743552,14.995903167210889,9.548859123531468,-1823.1945826793685,10271.387968188883,Bus
0.011960860721241676,21.52954929823502,1476.6114157098443,10.415273024934505,7.39837414971964,27.31174052645705,11.995244757598195,9.200639192190877,-681.0219697127438,9007.238117735546,Bus
0.01862490747802448,22.349888973629376,5954.221863393209,9.468779422255368,7.10678792885558,27.31174052645705,11.528908680054041,7.596796057194963,-170.01394168828637,9416.693599889019,Bus
0.022759783772047543,27.31174052645705,-21049.09751918026,8.968634334814803,6.476599389377585,27.31174052645705,11.528908680054041,7.596796057194963,-717.0950987299879,9359.833695745516,Bus
0.008142354939283471,9.770825927140166,-532.7203286608728,8.01258828317282,4.827745597183421,21.939322556787975,11.458695140363652,7.155012771774183,218.06260217942196,8066.485818069473,Bus
0.007772410266602311,9.326892319922772,2555.6882738393233,7.835840315622013,4.824695065370081,21.939322556787975,11.458695140363652,6.177536313027492,225.99105724775228,8065.786941121597,Bus
0.00954719379010184,11.456632548122208,-9209.300581998632,7.665699393961484,4.829343548814397,21.939322556787975,11.458695140363652,6.0258692782518875,110.87537998832013,8047.195290983238,Bus
0.0021012307758092675,3.7822153964566816,13828.80153713635,7.399628741251425,4.755517271313567,21.939322556787975,9.672010277616232,6.0258692782518875,545.7123906532186,7746.411789463005,Bus
0.009554069097573323,11.464882917087987,-7801.786243976968,7.495922264095451,4.697558912664899,21.939322556787975,9.672010277616232,6.0258692782518875,-114.42426435329608,7089.582455160236,Bus
0.004136161983700429,4.963394380440514,20371.11381161695,7.225473200824743,4.611954100081468,21.939322556787975,8.411711136327812,5.994217079123346,442.6922554208869,6888.644754798794,Bus
0.018282768797323313,21.939322556787975,-12262.003905402928,7.419287904032522,4.593300036517203,21.939322556787975,8.898362849561824,6.087553850802404,-739.4893751957053,5080.016804330625,Bus
0.01627914717910028,11.720985968952201,-1905.5519312351184,6.627951248393143,3.0712716360094796,12.818021123536179,8.353036731362092,6.084245547837111,-196.1284083607387,4304.7164574363915,Bus
0.0050413255913661,9.07438606445898,6738.543106338956,6.2894153984495675,2.845171019826713,12.818021123536179,6.724604805497384,5.994217079123346,-19.10365582569658,4303.517720844371,Bus
0.014242245692817975,12.818021123536179,-6196.939755267013,6.151332173708392,2.768888305678669,12.818021123536179,6.255080324501895,5.994217079123346,-277.81634061447676,4022.2259448292352,Bus
0.003295851392540461,5.93253250657283,-6673.324725369393,5.891245921453495,2.3171737214628654,12.346987224818106,6.255080324501895,5.994217079123346,15.294443632239151,3774.127067624,Bus
0.001854274901139677,2.225129881367612,3976.0217928539037,5.961487263782905,2.339674399357094,12.346987224818106,6.568881015516855,6.084245547837111,324.3310465307042,3435.472217751201,Bus
0.021538538682159845,5.538481375412532,-173.41329623456568,6.196574042897571,2.17490135663198,12.346987224818106,7.029488936035957,6.115897746965652,149.52354414824225,3327.1222919343595,Bus
0.004053413612083611,4.864096334500332,1506.131658516736,6.285987903360186,2.183165937241607,12.346987224818106,7.329408776788873,6.127212771925997,54.45313626066811,3363.7992851362105,Bus
0.005099338374942455,6.119206049930946,-3087.6080731138545,6.322670121952325,2.1640976428561913,12.346987224818106,7.329408776788873,6.127212771925997,-169.35524697600326,3410.711665017314,Bus
0.0029551661019467227,3.546199322336067,-1170.1467539921255,6.172845354513905,2.2795711392119924,12.346987224818106,7.329408776788873,6.1239044689607045,-139.34209399513927,3386.233650573217,Bus
0.002142564189452191,2.571077027342629,34.32026077157868,6.048031547892872,2.4896199181015497,12.346987224818106,7.329408776788873,6.1239044689607045,-44.97336836843632,3382.291600355637,Bus
0.002166397703876898,2.599677244652278,11696.771976198992,6.041704332546422,2.499064348955007,12.346987224818106,7.329408776788873,6.1239044689607045,-193.3613446318312,3443.182438952985,Bus
0.010289156020681756,12.346987224818106,-4987.40127744082,5.911720470313808,2.743200728149081,12.346987224818106,7.329408776788873,6.1239044689607045,-774.911352123262,2015.4987921145228,Bus
0.006825682911347853,8.190819493617422,-2345.9435009920608,5.336391998142865,2.520059003137446,8.839688444596106,7.02683874391191,6.084245547837111,-404.6072272459388,1876.3617018575492,Bus
0.005196555480103365,6.235866576124038,-374.15122729426463,5.036057501979336,2.519902213032181,8.839688444596106,6.466257543141835,5.989987769193006,-243.96118555429334,1838.562499678001,Bus
0.004936728238926793,5.924073886712151,253.374728650677,4.869594707225511,2.546298043596838,8.839688444596106,6.466257543141835,5.816079870024657,-56.10308969492739,2008.6404343281529,Bus
0.005112682911600874,6.135219493921048,-512.560368700662,4.859680325687826,2.5423591669177332,8.839688444596106,6.466257543141835,5.716936054647795,-62.90766992423606,2007.7671770398626,Bus
0.003171158807409535,5.708085853337163,626.0684370060577,4.844095460625715,2.5350734002981943,8.839688444596106,6.466257543141835,5.716936054647795,50.75418121703082,2044.9725724074558,Bus
0.005046584709728219,6.055901651673862,3340.544151506693,4.9232288048479935,2.587619882429058,8.839688444596106,7.0178372821913895,5.7746542243186365,-136.50342161355985,2157.8732294154615,Bus
0.007366407037163422,8.839688444596106,-3272.5188007148954,4.855009541669864,2.5741367686608556,8.839688444596106,7.0178372821913895,5.661763481150773,-62.101975362979736,2304.7243688700623,Bus
0.005093824536666967,6.11258944400036,-1394.7845687035954,4.848791483700551,2.5641355967144923,8.715327285209861,7.0178372821913895,5.661763481150773,-26.69581124334436,2257.7697282039194,Bus
0.004125224141733915,4.950268970080697,1634.9431194657245,4.872078562497602,2.5782931090836194,8.715327285209861,7.0178372821913895,5.661763481150773,-21.690795343380888,2254.6861795511513,Bus
0.005260601308029557,6.3127215696354675,1564.2894105633493,4.899536487877955,2.5820910124899066,8.715327285209861,7.0178372821913895,5.661763481150773,165.4853330678089,2537.1465701445295,Bus
0.006346913398698549,7.616296078438259,-334.7240703326932,5.0829745202676335,2.8081908019886774,9.981482217429033,7.299754199503264,5.661763481150773,-349.93009351987956,3198.80485233786,Bus
0.006114466127634179,7.337359353161014,-492.5926674000912,4.836899697167571,2.790089424241511,9.981482217429033,7.0178372821913895,5.548584092015442,-428.98910190664174,3217.8918764797622,Bus
0.005772387886384116,6.926865463660938,479.8717452046649,4.471722804909986,2.9205042756450634,9.981482217429033,6.665464630871261,5.095471932899523,-404.56239758469314,3219.237583014611,Bus
0.006105632153887355,7.326758584664826,-2074.821453986049,4.1253795317269395,3.0229565988206355,9.981482217429033,6.012224399494477,3.9071135446369114,-47.30711692320974,3685.2835349845027,Bus
0.004664783921952599,5.597740706343118,-2970.0360062166897,3.864944065805287,2.9562696950246194,9.981482217429033,5.750220240138532,3.0146606911050458,67.02419050115333,3654.412412398891,Bus
0.002602258917635453,3.1227107011625432,-2487.345013496575,3.696842957535863,2.948127966640201,9.981482217429033,5.750220240138532,2.800705148742282,255.38073206416112,3586.081105989394,Bus
0.0020415173137243838,1.0499231899153973,717.2277585419322,3.6857056339022796,2.950830558436737,9.981482217429033,5.750220240138532,2.7973819224639467,234.12762934635992,3604.4043045198646,Bus
0.002037110600344666,2.4445327204135987,-2933.439264496318,3.6568573913371956,2.9806248936550728,9.981482217429033,5.750220240138532,2.7973819224639467,204.06861589059977,3602.6697974316744,Bus
0.0,0.0,65.77182637037703,3.5631139843066477,3.049448976950604,9.981482217429033,5.750220240138532,2.7973819224639467,316.56070432725676,3534.017169590682,Bus
0.0004668987674440345,0.8404177813992622,2418.681220105642,3.5631139843066477,3.049448976950604,9.981482217429033,5.750220240138532,2.7973819224639467,322.17864619345835,3533.6868053940157,Bus
0.0018201079752890343,2.184129570346841,866.9773328408488,3.6027363160966224,3.0171878889904384,9.981482217429033,5.750220240138532,2.7973819224639467,495.9413061583391,3722.5993779645173,Bus
0.0024221755675396237,2.9066106810475483,3383.0106898930544,3.738893458978198,3.011238828900685,9.981482217429033,5.750220240138532,2.903287454769213,10.937920998244953,4264.207059402381,Bus
0.004771488546632023,5.725786255958427,117.28312406450348,3.593562924925821,3.1216378697011575,9.981482217429033,5.750220240138532,2.7973819224639467,147.61833872013395,4418.981851971467,Bus
0.004852935160565706,5.823522192678847,1760.6766541246752,3.3922266544102735,3.106697965432136,9.981482217429033,5.580451156435536,2.465259078695835,131.11130926866076,4419.717688604927,Bus
0.00607562728148562,7.290752737782743,-3119.0836196057553,3.1800908796985663,3.076651334471485,9.981482217429033,5.055311190405705,2.176883903593206,-50.32800157026518,4423.782502169972,Bus
0.003909596990092734,4.69151638811128,4828.573076518297,2.8167556792877533,2.9936133511628515,9.981482217429033,4.7454553980780485,1.908555055939606,105.55281040456548,4364.487856069989,Bus
0.0072627727376748845,8.715327285209861,-2564.3955183221906,2.5821798598821895,3.0226475460866093,9.981482217429033,3.4017912783627464,1.6659626314231086,-124.26686578515901,4221.3685913477975,Bus
0.005481942516617808,6.578331019941369,-1294.6842507043239,2.1818853717322773,2.6781623564935337,9.981482217429033,2.746090769450481,1.6068355578217306,82.37613599192659,4196.716686490849,Bus
0.004582856231406472,5.499427477687766,5378.465687689521,1.9320091556574437,2.4715466850757317,9.981482217429033,2.3504888098252446,1.5808066984446982,159.40440363651615,4184.230794377862,Bus
0.008317901847857528,9.981482217429033,-8744.01912119042,1.7463231626197686,2.3245561229861464,9.981482217429033,2.147466584912482,1.5808066984446982,-118.78732835565272,3999.8711469835985,Bus
0.0037427772450514102,2.6947996164370154,-1915.9042380679361,1.3288107262552855,1.2850707638442944,4.907272427978352,1.8687930292586303,1.5808066984446982,889.3486038892803,4244.951384513126,Bus
0.00028184590007771876,0.033821508009326255,-4.058580961119151,1.7514115667615802,2.5374273271304615,11.146816426562909,1.8687930292586303,1.5808066984446982,881.7731294504767,4250.352834255386,Bus
0.0,0.0,7624.977358434329,2.220919074070759,3.024822987999083,11.146816426562909,2.147466584912482,1.606020094292035,748.4352624397308,4320.84967585552,Bus
0.0011766940367954211,2.118049266231758,211.80469450121322,2.580833660064736,3.1713562996168996,11.146816426562909,2.40177996283871,1.6320489536690674,-51.113324762801405,4458.732025628268,Bus
0.0018630987841288787,2.2357185409546543,797.0948250434678,2.4862626833464447,3.213800407706365,11.146816426562909,2.40177996283871,1.606020094292035,-62.331149514567684,4458.3179419889675,Bus
0.0024166368570757314,2.8999642284908775,-2912.407067852598,2.374476756298712,3.261502366479645,11.146816426562909,2.06427176982341,1.5808066984446982,-95.72083777162763,4454.041281670395,Bus
0.0003941319488447604,0.47295833861371245,116.04748942672873,2.2600079617955378,3.2821980697589943,11.146816426562909,1.7207225384691542,1.1451221103281641,104.56049802904658,4410.566242013642,Bus
0.00047472048316887756,0.5696645798026531,-683.5974957631836,2.2972566742351352,3.2650323171777824,11.146816426562909,1.7207225384691542,1.3993696429251765,129.27223082831597,4412.01831107236,Bus
0.0,0.0,178.13066369441052,2.35509849734079,3.2429888636805564,11.146816426562909,1.7413026856703784,1.5808066984446982,59.862043101530006,4436.332160700379,Bus
0.0009071468984437572,1.632864417198763,5893.93441940326,2.35509849734079,3.2429888636805564,11.146816426562909,1.7413026856703784,1.5808066984446982,202.23029693904442,4485.740208397289,Bus
0.002726262459987973,4.907272427978352,-8833.090370361035,2.3154760506536944,3.2570878373945487,11.146816426562909,1.7413026856703784,1.3993696429251765,-163.00062950084913,4291.077423281517,Bus
0.0,0.0,6116.619044330835,2.072947533722214,3.2344531152952745,11.146816426562909,1.705920894714529,1.0291740354312577,282.41511317936346,3775.0702678197445,Bus
0.0009439226920263634,1.6990608456474543,-212.8574649649609,2.236679449570979,3.206759625356077,11.146816426562909,1.7413026856703784,1.3993696429251765,68.86212252209641,3541.225935802286,Bus
0.001317338915370582,1.5808066984446982,-1868.1095626538427,2.392356624436767,3.2545068851080017,11.146816426562909,2.1579402919445165,1.3993696429251765,57.23373956703233,3542.581295726571,Bus
0.00039413195678423895,0.024048729566495935,-1.4673801091421248,2.5353871264932666,3.2797253240396516,11.146816426562909,3.566332922625146,1.3993696429251765,40.04069676175866,3553.2356726773032,Bus
0.0,0.0,232.1795527238062,2.6640900928787037,3.2260550303814863,11.146816426562909,3.566332922625146,1.606020094292035,251.5424392551773,3674.460683894627,Bus
0.00039413195678423895,0.7094375222116301,1568.4645172195226,2.970185806982434,3.250315535277869,11.146816426562909,4.534213640421812,1.6788672660275625,-127.38139530548933,4048.304979358423,Bus
0.001317338915370582,1.5808066984446982,245.88110218746723,2.9347139308718524,3.2800218736394697,11.146816426562909,4.534213640421812,1.6788672660275625,98.287199518855,4267.667038379762,Bus
0.0014880896807785452,1.7857076169342543,-185.36895215385857,2.9401435461399847,3.2777518065269753,11.146816426562909,4.534213640421812,1.7079500228615445,69.64854613491937,4268.546202482881,Bus
0.0013593612417828103,1.6312334901393721,11418.699523708243,2.926247783108882,3.28348761124174,11.146816426562909,4.534213640421812,1.6603162469733541,437.14641986359766,4552.392618870803,Bus
0.009289013688802425,11.146816426562909,-2067.41372684401,3.2186002481850116,3.419595916369417,11.146816426562909,5.139931827741061,1.7079500228615445,-22.25287628804913,3784.7527414480383,Bus
0.007853309711827417,9.4239716541929,-2670.815921176041,3.128119966468101,3.2167009741487984,9.4239716541929,5.139931827741061,1.7079500228615445,747.7053093076054,4781.833552372117,Bus
0.0059985764332329446,7.198291719879533,-8365.99438561631,3.4941083118438327,4.228129547029987,16.74373856170753,5.139931827741061,1.7079500228615445,1291.929271026686,4987.264609571271,Bus
0.004091925714246157,0.22662973186594101,-12.551800534113656,4.199537968190943,5.773286590325007,21.306884846821738,5.139931827741061,1.7079500228615445,1801.8213164617525,4439.05858175811,Bus
0.0,0.0,129.30105990226977,5.304435349579983,6.964583380618131,22.32457735964675,6.461006409471443,2.1623045495955004,1360.996821061539,5027.484224304944,Bus
0.00033921574357076943,0.610588338427385,1093.2196481608855,6.17541305899181,7.34513816407301,22.32457735964675,7.943014791802644,2.936373187125275,948.3199957124423,5454.514636017205,Bus
0.0010149438228380457,1.2179325874056548,610.2821454121178,6.790188144618943,7.369374067609306,22.32457735964675,10.229430606911045,3.8580275282749903,306.49840090126133,6147.7345590840805,Bus
0.0014387508682631276,1.726501041915753,-2071.8012502989036,7.048395677573199,7.253416268904617,22.32457735964675,10.229430606911045,4.6270105412689455,-250.0746488088399,6605.615644589863,Bus
0.0,0.0,3025.4957404446986,6.988919819780007,7.304051065145148,22.32457735964675,10.229430606911045,4.6270105412689455,-142.45056000983948,6591.893167576271,Bus
0.00046689749080936713,0.8404154834568608,-1410.6841093946105,7.040421396929608,7.255648900146195,22.32457735964675,10.229430606911045,4.6270105412689455,-231.09091478476535,6558.888876177223,Bus
0.0024255893776962646,0.05670208934874385,75.22448324321824,7.154292920318549,7.170596277800594,22.32457735964675,10.229430606911045,4.6270105412689455,23.761330499905533,6609.472616018833,Bus
0.0027288652641460857,3.2746383169753024,1845.5592311854923,7.460948479925345,6.979689486872645,22.32457735964675,10.229430606911045,5.467259312518909,193.35943571356395,6654.229741793764,Bus
0.004010503619136011,4.812604342963213,-445.4251240662415,7.751173335963995,6.916851916415697,22.32457735964675,10.229430606911045,6.155863781779638,-270.70587325451186,6853.5932316278095,Bus
0.003701180616312232,4.441416739574678,-2211.970418759316,7.654677101195917,6.973237490348959,22.32457735964675,10.229430606911045,6.155863781779638,230.42863112302138,7197.924958525704,Bus
0.0021650900477293736,2.598108057275248,4228.567469759229,7.975792953409116,6.965348352150667,22.32457735964675,11.374322850621509,6.285948263987715,385.8176499879991,7175.935129639573,Bus
0.0051015952350621716,6.121914282074606,-7346.297138489526,8.426399654676462,6.890245864208265,22.32457735964675,11.934204074709152,6.930183019076358,85.926035366458,7132.083955387858,Bus
0.0,0.0,6081.83641370641,8.627096677092526,6.878036252956815,22.32457735964675,11.934204074709152,8.278709114705137,145.76894316781787,7071.201868790712,Bus
0.0009385550021151867,1.689399003807336,-326.8919654912466,8.963071664099477,6.592638703420271,22.32457735964675,11.934204074709152,8.278709114705137,60.04832249658379,7005.541173073377,Bus
0.001256493630260166,1.507792356312199,7164.588522419707,9.335894034257219,6.366615140702441,22.32457735964675,11.934204074709152,9.112490922355256,78.38478551715703,7004.95500044356,Bus
0.006231902326384963,7.478282791661956,2230.7136006753026,9.71945662407806,6.095490133764117,22.32457735964675,11.934204074709152,9.162445279845619,-257.2936834633484,6805.529751912455,Bus
0.005187339329013727,9.337210792224708,13331.749985069082,9.823287156415148,6.072949533756717,22.32457735964675,11.934204074709152,9.258127472476875,450.4520707766971,7748.575667277153,Bus
0.009302076978726407,16.74373856170753,8213.663313205574,10.289327641098437,6.383391166289542,22.32457735964675,13.865502178654426,9.366968795566375,-965.1363908149582,7856.816912156223,Bus
0.0118371582482343,21.306884846821738,1831.8465230850202,9.96893009156414,6.200575606784052,22.32457735964675,11.934204074709152,9.366968795566375,-687.1590826669112,8285.322834745264,Bus
0.012402542977581527,22.32457735964675,-8829.041708538378,9.802964379889868,5.919166480659828,22.32457735964675,11.934204074709152,9.366968795566375,-1346.7680645088676,8593.616019497165,Bus
0.009677530104575855,17.41955418823654,-8124.235447079667,9.270549233858956,5.164368234139338,18.65802048589049,11.626750171723756,9.366968795566375,-573.5150513692661,8580.68991334482,Bus
0.007170050028316699,12.906090050970057,-11743.212248062735,9.167719095127822,5.011790769999252,18.65802048589049,11.626750171723756,9.366968795566375,21.52026781346092,8441.015801212894,Bus
0.0035456018036059776,6.38208324649076,-10521.17884878991,9.395464133720425,5.286569229843141,18.65802048589049,11.626750171723756,9.366968795566375,574.6816131218945,7979.340550649853,Bus
0.003281568192539514,0.5369838860519205,80.68052568110805,9.930521030817712,5.502649585306251,18.65802048589049,12.597943682674817,9.845374084399783,696.6017473112895,7817.873591123782,Bus
0.001716719238320042,1.0300315429920253,1252.688644946181,10.533311335797997,5.062170896785579,18.65802048589049,13.285330342646672,10.235821150708723,251.21780693050314,8103.332854702239,Bus
0.0025982049593630506,3.1178459512356604,3686.3607962988117,10.866254861210871,4.602329039178109,18.65802048589049,13.285330342646672,10.235821150708723,-373.26115478822703,8493.930572821577,Bus
0.005158177734570559,6.18981328148467,3467.18658751638,10.782671816505218,4.762835130260607,18.65802048589049,13.285330342646672,10.235821150708723,-627.5718614987982,8441.969579852985,Bus
0.0075659461981236005,9.07913543774832,-7435.746948176016,10.487163182874088,5.223832929634042,18.65802048589049,13.285330342646672,10.235821150708723,-770.6300407137999,8393.02829119052,Bus
0.0024022330396680333,2.88267964760164,9577.264963484424,10.072439399897123,5.653114153050646,18.65802048589049,13.285330342646672,10.235821150708723,-424.05991026194636,8245.127625376095,Bus
0.009053111486532216,10.86373378383866,895.8099585402293,9.932514493987288,5.8708798019361375,18.65802048589049,13.285330342646672,10.235821150708723,-903.5292654478832,7904.714908341497,Bus
0.009675201735518488,11.610242082622184,-1769.2648226715874,9.389327804795354,6.269239870603061,18.65802048589049,13.285330342646672,9.845374084399783,-930.0556120694582,7899.247225653485,Bus
0.005631030405775479,10.135854730395861,-6149.438982462331,8.834182577477353,6.547629418268825,18.65802048589049,13.285330342646672,9.366968795566375,-654.8322386858792,7964.095191971057,Bus
0.0037330554111883393,6.71949974013901,4367.424000281731,8.456512346798444,6.68499766281016,18.65802048589049,13.285330342646672,9.162445279845619,-315.4636241294376,7861.587326894923,Bus
0.007621538672468496,9.145846406962194,39.83729492021837,8.276240420160146,6.7822108385584885,18.65802048589049,13.285330342646672,9.162445279845619,-290.43003072435414,7878.063713358837,Bus
0.007649203460607536,9.179044152729043,451.01914280959573,8.17748848803,6.7832612138720005,18.65802048589049,13.285330342646672,8.43397310198927,-335.6237249116936,7878.661949382505,Bus
0.005308274132446503,9.554893438403706,16385.62868547621,8.041075144077071,6.789489815252459,18.65802048589049,13.285330342646672,7.429854907804378,-483.0005340360247,7890.731480265526,Bus
0.010365566936605827,18.65802048589049,-14980.019246764025,7.781847792520532,6.827517443219954,18.65802048589049,13.285330342646672,6.810792519014852,-1544.266848329234,6862.996339504235,Bus
0.005742104206123104,10.335787571021587,13773.20947616652,6.865810021906822,6.513278218058072,17.98757061333632,11.905403325685763,5.410561840471686,-769.9613451194482,6098.348353466834,Bus
0.009993094785186844,17.98757061333632,-11360.333113754117,6.569726031835434,6.48175518354919,17.98757061333632,11.905403325685763,4.3922270884333825,-1608.9113826335517,5057.696452930836,Bus
0.006486819132793599,11.676274439028477,6636.018554253648,5.7658115865601625,5.96779449974815,17.460990822822104,8.685745148194243,3.7422038073230066,-932.2391647659108,4565.784295042501,Bus
0.008534973007563243,15.362951413613837,3776.470936574881,5.368008251816895,5.816323792479166,17.460990822822104,7.300331336081817,3.4171344757681097,-1308.9467680544117,4205.045867919656,Bus
0.009700550457123392,17.460990822822104,-679.9853418940621,4.748448838697844,5.3357229627397595,17.460990822822104,6.630784896342649,3.042912179302955,-1521.1290817590684,4038.7106039101136,Bus
0.009490678438020286,17.083221188436514,-8082.776165002015,4.00452181605512,4.430415975094729,17.083221188436514,4.923275145612991,2.777106760600216,-1642.076836862422,4048.403728403481,Bus
0.006995994436476454,12.592789985657618,-8826.998281934615,3.1503607566332943,3.2713680055629446,12.592789985657618,4.381286747853154,2.5824502433926426,-996.9046038921175,3995.7965241927363,Bus
0.004271612250694165,7.688902051249498,-11236.890589428422,2.5876749864393584,2.418395578097917,7.688902051249498,3.8827424099405796,2.245865912324279,-223.35001669317293,3896.4772068157326,Bus
0.0012051542142688303,1.4461850571225963,-1399.8533379126127,2.454741764689281,2.1850481877860686,7.170807764359258,3.8827424099405796,2.245865912324279,405.4044172323668,2917.2975203016176,Bus
0.00023303384071840467,0.2796406088620856,606.0230032163483,2.6897026463573144,2.3194138914198588,7.170807764359258,4.381286747853154,2.5824502433926426,451.50029937667586,2894.465764738328,Bus
0.0010898052475125592,0.7846597782090425,-504.34433913894514,2.9630767631456054,2.3424985187393244,7.170807764359258,4.568140231257367,2.777106760600216,191.95950013096208,3104.952355080981,Bus
0.0005845939542010558,0.08418152940495205,-12.122140234313095,3.020166880562468,2.3001438239933587,7.170807764359258,4.568140231257367,2.777106760600216,116.57364061324317,3140.843521674721,Bus
0.0,0.0,365.28302610873027,3.0284450133573135,2.289293524540901,7.170807764359258,4.568140231257367,2.777106760600216,116.02708215433483,3140.868046558214,Bus
0.0002818541868122919,0.5073375362621254,3735.2026449999903,3.0284450133573135,2.289293524540901,7.170807764359258,4.568140231257367,2.777106760600216,102.99567823054797,3140.3200815907476,Bus
0.00215204176401473,2.5824501168176757,637.9333086664953,3.0190670868770257,2.3005212418891845,7.170807764359258,4.568140231257367,2.777106760600216,248.40598675990245,3375.8569086297857,Bus
0.0025950510061442406,3.1140612073730884,4868.095868383403,3.090472665135268,2.308405849165125,7.170807764359258,4.568140231257367,3.042912179302955,286.2891326145812,3384.6977532672436,Bus
0.005975673136966049,7.170807764359258,-864.0365888265729,3.1934475316057425,2.3549793561680388,7.170807764359258,5.066067846381605,3.3459854476979762,9.75897457012142,3212.1912660551357,Bus
0.005375647728058706,6.450777273670447,-2496.5170396770254,3.065980599705834,2.1917011233888375,6.450777273670447,4.723661248832801,3.3459854476979762,359.0347921579407,3480.736629825121,Bus
0.0036419553393941045,4.370346407272925,-4839.6976003879745,3.2295768491291077,2.5504111390074358,9.722702262135929,4.723661248832801,3.3459854476979762,454.16813915588534,3424.123618315153,Bus
0.002716857537464476,0.33726507361627983,506.09081743169713,3.4724508877173363,2.875351131368188,9.722702262135929,5.066067846381605,3.3459854476979762,764.1606820104469,3192.4393869608616,Bus
0.0036784231413282,4.41410776959384,-3005.7912741155483,3.9736520453510322,3.1596791661300885,10.361288226290199,5.31694963874391,3.8653847130728254,983.7015589987255,3322.1010703226934,Bus
0.001591068089859069,1.9092817078308826,2173.111243598698,4.475048916402403,3.934015984619376,14.442045190621258,5.8466928810917445,3.8653847130728254,894.2646974192108,3456.5168463912696,Bus
0.0031001731201359428,3.720207744163131,-898.1335115163707,4.901915069470844,4.1006108483298105,14.442045190621258,6.916008812621819,4.316015404171803,1087.6719280561258,3635.4295181145712,Bus
0.0024764692926940186,2.971763151232822,-467.1753375182543,5.406047583398701,4.543546833185749,14.442045190621258,9.351545949812095,4.825853371304516,295.0410385633468,5394.008632251145,Bus
0.0021520419749730085,2.58245036996761,-3098.9404439611317,5.482303679712743,4.5132382737815915,14.442045190621258,9.351545949812095,4.825853371304516,279.87800552039045,5396.689640940508,Bus
0.0,0.0,4820.66849440408,5.556624415135116,4.4750493242206,14.442045190621258,9.351545949812095,4.825853371304516,362.4694560423978,5354.7351105848575,Bus
0.0007439303232105062,1.3390745817789111,6644.093462044265,5.699771359325829,4.331435331133783,14.442045190621258,9.351545949812095,4.825853371304516,410.1680991675281,5400.590302987895,Bus
0.004191864680206623,5.030237616247947,1338.19808908238,6.016574630965376,4.226136889755344,14.442045190621258,9.351545949812095,5.101898076515264,100.26083474454263,5198.075257787229,Bus
0.005121168908736054,6.145402690483264,-477.9356950264311,6.167400924780828,4.242878007208857,14.442045190621258,9.351545949812095,5.460340740705242,-18.84640514448431,5195.507841505155,Bus
0.004789269120523254,5.747122944627905,-4584.792981697929,6.218971185355424,4.248860470048393,14.442045190621258,9.351545949812095,5.460340740705242,-141.57976859429613,5235.761029637464,Bus
0.0016053851054552485,1.926462126546298,-2012.0615294933227,6.168263643055176,4.260822863518925,14.442045190621258,9.351545949812095,4.953265317702766,-0.9026907806987424,5147.143116011951,Bus
0.0027055620074368414,0.24974418530186226,-23.053309412479592,6.234786998932926,4.2010781745877726,14.442045190621258,9.351545949812095,4.953265317702766,102.30315614501909,5125.342497549154,Bus
0.0,0.0,104.65494763299232,6.3873152272487745,4.023988768983858,14.442045190621258,9.351545949812095,4.953265317702766,-94.56270348148682,5205.402347063234,Bus
0.0001776550036979808,0.31977900665636544,6643.408815587079,6.3873152272487745,4.023988768983858,14.442045190621258,9.351545949812095,4.953265317702766,-94.0200735522023,5205.424772847759,Bus
0.0033421347349854337,4.01056168198252,1395.5962257600706,6.4371014074015935,3.9504559417721117,14.442045190621258,9.351545949812095,4.953265317702766,-417.22329048691154,4959.971710457622,Bus
0.0043112987806521496,5.173558536782579,-662.5072925057924,6.307330244812908,4.075027586747016,14.442045190621258,9.351545949812095,4.953265317702766,-16.158988141864576,5417.473358147878,Bus
0.0038512242719675716,4.621469126361085,6121.479762929812,6.511779334178426,4.117504268020257,14.442045190621258,9.377580808603707,5.954890000299065,163.73123484110286,5454.488502229771,Bus
0.008102251885113274,9.722702262135929,-593.8500997181328,6.866136942696419,4.24912061461705,14.442045190621258,9.882348753174497,7.42597395827251,104.72190795983605,5392.676030524989,Bus
0.007689855982531238,9.227827179037485,1360.153256703257,7.102691039573015,4.538367215145991,14.45378419966786,10.38261736201758,7.42597395827251,717.6825850636139,5974.437452651233,Bus
0.008634406855241833,10.361288226290199,4896.90835719727,7.688026764003352,5.48342138963994,20.934541667644208,10.762108901080023,7.42597395827251,795.3215185855375,5993.285495879193,Bus
0.012035037658851049,14.442045190621258,-4794.528505705844,8.29760421182499,6.397675816599449,22.552837182722946,12.232180478220766,7.42597395827251,845.0581284029795,6033.110082883009,Bus
0.005803669316222068,10.446604769199721,6041.2558563369985,8.866800493473022,7.400869985222334,25.825970823581898,12.232180478220766,7.42597395827251,1327.8092580731675,5943.717353763379,Bus
0.0076682544570668195,13.802858022720276,-16750.751301371954,9.770782520850403,8.609477560158158,28.526245316747403,13.965589566957172,7.42597395827251,948.8244949056427,5868.53320330824,Bus
0.002498269487507575,4.496885077513635,-770.4359983773796,10.464217457579164,9.4671232180813,28.526245316747403,16.073973566661948,7.42597395827251,1820.8962585667116,4141.798663117675,Bus
0.0033907208986792424,4.068865078415091,-1447.1114335209852,11.642136707452963,10.128095939332653,28.526245316747403,21.339115546413893,7.860951753563409,1942.7465897117113,4097.157491042482,Bus
0.0023857824031785586,2.86293888381427,5774.64135690669,12.887750585740648,10.665349267113434,28.981142644168813,23.371120592937686,8.654651908324968,2303.3804149423113,4100.506767318016,Bus
0.006395950012141539,7.675140014569846,445.9481735845532,14.35381535906646,11.215858937535225,32.18423435033049,26.28736730701029,10.485580810406947,1849.1963112685116,4197.699330129524,Bus
0.006705636243797479,8.046763492556973,-1043.9467086981583,15.487352278172008,11.642837417167751,32.18423435033049,27.76748508671899,13.081202748194393,1886.2064088519376,4187.927785656748,Bus
0.005980673251645979,7.176807901975175,-2932.602964022665,16.635256637968567,11.997004684025733,32.18423435033049,28.17301388542904,17.694162933656035,1115.578619663625,5845.50151995621,Bus
0.0039441434155191284,4.7329720986229535,-1771.2514254259825,17.36953370805909,11.835965029284754,32.18423435033049,28.17301388542904,21.398445485714948,1243.8784244222397,5779.76395104524,Bus
0.0027141077034177515,3.2569292441013014,52.055409021033405,18.215819044182496,11.484775722218206,32.18423435033049,28.17301388542904,21.76051406243836,1246.7019856204865,5778.22704855933,Bus
0.002750257293015691,3.300308751618829,-3960.3705019425947,19.088273739658067,10.938369413134916,32.18423435033049,28.17301388542904,21.76051406243836,1272.739619606852,5773.731995871881,Bus
0.0,0.0,115.50754621867952,19.97447079555632,10.29075170805612,32.18423435033049,28.17301388542904,21.76051406243836,1501.2814921925124,5644.709576405842,Bus
0.0007308347831737439,1.3155026097127391,179.34447689289703,21.042640704306926,9.154296489811141,32.18423435033049,28.17301388542904,21.76051406243836,1392.7202951843287,5693.432651102305,Bus
0.0011792820251739942,1.415138430208793,9416.882272661007,21.987932249406757,7.900249117460198,32.18423435033049,28.17301388542904,21.76051406243836,1781.8239552382554,5869.348582903481,Bus
0.007718783603410805,9.262540324092965,2935.2971671535547,23.149392494536546,6.252164520081326,32.18423435033049,28.17301388542904,22.207593243254315,1855.1494437672823,5977.909758654617,Bus
0.006504789609289404,11.708621296720928,4941.293225304477,24.220799090617724,5.542988257991447,32.18423435033049,28.639969648602754,23.598590257763753,1376.3136557017547,6263.562008490214,Bus
0.008029880110926589,14.45378419966786,11665.363442357426,24.98541778822981,4.719788801109095,32.18423435033049,28.639969648602754,25.235157078193232,865.6156293484325,6373.033610490722,Bus
0.011630300926469004,20.934541667644208,2912.9319271417294,25.46631536009005,4.029796780510105,32.18423435033049,28.639969648602754,25.235157078193232,188.99142827682886,5864.130387269989,Bus
0.012529353990401637,22.552837182722946,5891.640553546113,25.571310598021622,3.931669750171934,32.18423435033049,28.639969648602754,25.235157078193232,219.18155922605874,5880.4236882623645,Bus
0.01434776156865661,25.825970823581898,4860.494087697909,25.693078130924995,3.8705012405825667,32.18423435033049,28.639969648602754,25.40707933218608,-282.44257362374276,5798.406097685138,Bus
0.015847914064859667,28.526245316747403,-1538.4394070134924,25.53616559002291,3.9280161277530934,32.18423435033049,28.639969648602754,24.816265586797414,-796.8282833637619,5774.4256374150955,Bus
0.015373087087386368,27.671556757295463,690.6839718494226,25.093483210376373,4.069646311169704,32.18423435033049,28.286738217284395,24.358039484838613,-1142.9364227782262,6023.303272902997,Bus
0.015586261152771992,28.055270074989586,1666.5706245226077,24.458518531055137,4.602101521429798,32.18423435033049,28.286738217284395,23.553091031574155,-1055.2578451580193,6064.0246132142665,Bus
0.016100634802316008,28.981142644168813,5765.565071091022,23.872264172634015,4.859427975636386,32.18423435033049,27.496032097764186,22.861083215907975,-1061.9963111759491,6060.914957717287,Bus
0.01788013019462805,32.18423435033049,-3309.040716569306,23.282266221980713,4.922423091262005,32.18423435033049,25.49138969283336,22.275034654663,-1746.7105013282585,6022.408699360081,Bus
0.016858821331489377,30.345878396680877,1186.1501252530736,22.311871499020572,4.987726334885928,31.00485068848814,24.73030445980099,21.76051406243836,-2066.5234606610784,6274.305947306995,Bus
0.017224917049160078,31.00485068848814,-16456.502492464413,21.163802909764414,5.640971322581958,31.00485068848814,24.21488756085564,21.51103849805157,-1778.225159282453,6557.699548893965,Bus
0.012145749613214272,21.862349303785688,-366.6068688503721,20.175900043496384,5.556278607329117,30.690672245716534,23.293768728924896,21.193824022298042,-976.9825114170217,5575.25873331283,Bus
0.012032599345050576,21.658678821091037,-1714.7802014610363,19.627136849165318,5.911574518504404,30.690672245716534,23.293768728924896,20.865136511598333,-987.52285510823,5574.243227953161,Bus
0.01150334619645149,20.706023153612684,572.8080887483387,19.07251790833914,6.223077215701352,30.690672245716534,23.293768728924896,20.463678332661004,-945.2701045229181,5571.642632524612,Bus
0.011680138816435546,21.024249869583983,610.4669497706127,18.541372717838133,6.522454145491435,30.690672245716534,23.293768728924896,19.94696561776302,-912.4720032339321,5582.968489927541,Bus
0.01186855454167339,21.3633981750121,-2055.71639394499,18.06258119790123,6.680160075070749,30.690672245716534,23.293768728924896,18.426890677459713,-1301.2399007925837,5739.850524101736,Bus
0.011234074173171849,20.22133351170933,7961.417677971423,17.367807512653965,7.032119478854593,30.690672245716534,23.293768728924896,16.75568326883493,-1160.7284122809695,5754.786629777348,Bus
0.013691301851558091,24.644343332804564,10883.392043241547,16.77205447036558,7.278062756761503,30.690672245716534,23.293768728924896,15.651223038718939,-1597.8515707701677,5342.692454703928,Bus
0.01705037346984252,30.690672245716534,-6641.4185941569995,15.92260737486358,7.302281459752064,30.690672245716534,22.77440161072414,13.874301530999173,-2036.6771164711233,4567.823019893709,Bus
0.015000552916090358,27.000995248962646,-5272.667301761961,14.858630547433574,6.5486260729599115,27.000995248962646,20.426378294247613,12.11237968098678,-1452.1328027204916,4693.843103907743,Bus
0.013373186464929259,24.071735636872667,-1867.1205790746492,14.189532056543584,5.893579512418028,24.988187840790264,17.80403715428121,12.11237968098678,-1004.8217925802176,4736.673971189254,Bus
0.012796914681264244,23.03444642627564,3516.734546126324,13.81996125046824,5.456843761266408,24.988187840790264,16.805535544300028,12.11237968098678,-1319.5867942935643,4998.903287265257,Bus
0.013882326578216813,24.988187840790264,-4140.842103449917,13.275520998996592,5.014369032202884,24.988187840790264,16.41771705876681,11.79703043384432,-1872.0705433371927,5046.638490006967,Bus
0.012604288891966839,22.68772000554031,-5427.220107102472,12.424145331389596,4.318249263697233,22.68772000554031,15.311743104794832,11.347606416986746,-1133.5401423126038,5731.458381290844,Bus
0.010929220957675952,19.672597723816715,-8460.602195302778,12.130699968755176,3.7455109299517564,19.672597723816715,15.311743104794832,11.347606416986746,-1265.4568148125923,5864.306709712619,Bus
0.00831792398381707,14.972263170870727,2444.2555242535595,11.539924411479031,3.410135241053327,17.181183631102712,13.95733486608983,11.066939390145974,-736.237235421754,5654.654236110586,Bus
0.00907232383698175,16.33018290656715,1531.8013041640136,11.27265680653827,3.3356247430916324,17.181183631102712,12.987011276136432,10.726692710865912,-1294.2614689301565,5870.8203132676,Bus
0.009545102017279285,17.181183631102712,-7928.718731955167,10.574317000399585,3.6666664086686898,17.181183631102712,12.303316020413929,10.324709674079983,-1309.9247043577611,5863.296667627623,Bus
0.007097966606182011,12.77633989112762,-9705.299903225712,9.918047754951616,3.5958383541501893,16.81881275285189,11.622724952345129,9.855015207824017,-859.0324473445924,5671.107028996732,Bus
0.0041025036730876555,7.3845066115577795,6952.1161528255925,9.527400963515241,3.692079557972694,16.81881275285189,11.29719989005715,9.519023384585996,-369.24050385904036,5276.137735938553,Bus
0.009372327802606295,11.246793363127553,-431.64953515579043,9.410118292994248,3.799428891300968,16.81881275285189,11.29719989005715,9.519023384585996,-765.579917853876,4987.022866229335,Bus
0.006048380787313553,10.887085417164394,-577.4137426745408,9.059109946266805,3.942405180295294,16.81881275285189,11.02741893058478,8.858704181529042,-857.4575913713243,4997.462972396456,Bus
0.005870166669204127,10.566300004567427,-869.7251897547986,8.631536871608152,4.189686640667917,16.81881275285189,10.786829871137055,8.133473577295964,-875.4010234466181,4997.048794852895,Bus
0.011203465937325043,10.08311934359254,1228.7701145280603,8.180991301571833,4.447262602794121,16.81881275285189,10.424444375405889,7.908880533472088,-915.5275826070554,5000.221994664675,Bus
0.0063602330393588554,11.44841947084594,-7164.891001402418,7.684927415710774,4.76584245247213,16.81881275285189,10.082288171753106,7.756244000529153,-931.7102707100452,4993.436081282064,Bus
0.008297693855629798,7.467924470066818,754.5133762872927,7.359448672055061,4.717326414381608,16.81881275285189,9.465079540851246,7.561662946415645,-390.1431444584044,4867.606808926637,Bus
0.006921893888284657,8.306272665941588,-781.0454918125394,7.385763491922904,4.71943083568231,16.81881275285189,9.465079540851246,7.756244000529153,-301.880483469232,4905.313204662627,Bus
0.0063795011856370605,7.655401422764472,2106.8811292224286,7.475151176833289,4.754582655459591,16.81881275285189,9.743689895078948,7.756244000529153,-182.6537991375058,4922.004222344534,Bus
0.007842613080930413,9.411135697116496,5049.467680855641,7.641623762647585,4.819075711773088,16.81881275285189,10.316733057874579,7.908880533472088,-195.35598365286583,4916.108929957508,Bus
0.011349187859302388,13.619025431162864,3673.552901043521,7.771777341380816,4.903789289804374,16.81881275285189,11.242191672233078,7.908880533472088,-49.83076225426125,5118.44992179172,Bus
0.009266844175203221,16.6803195153658,-8162.42061334158,7.912646769768051,5.116457310759262,16.81881275285189,11.242191672233078,7.908880533472088,-484.01060370348057,5154.16003921219,Bus
0.006747578553801499,12.145641396842699,-7532.940434746246,7.761283607057895,4.882873250659415,16.81881275285189,11.242191672233078,7.908880533472088,171.41874183198934,4956.011962346236,Bus
0.0066338954072086165,7.96067448865034,10629.76591704186,7.974047858534112,5.168334938736725,16.81881275285189,11.242191672233078,7.908880533472088,759.670441935996,4684.1848434846515,Bus
0.018687569725390988,16.81881275285189,-8065.55355710225,8.513618610068113,5.7025631633917815,18.752089519330298,12.423919519126486,7.925653722858762,579.0150661207468,4340.558729759582,Bus
0.006547572148578196,7.857086578293835,2123.789392513993,8.80518962619028,6.270367451909158,22.650233075295226,12.423919519126486,7.925653722858762,1209.1838838343342,3913.336770023756,Bus
0.00802242589337958,9.626911072055496,-8716.229145914493,9.670897584295059,7.251107137339853,25.171245740389395,14.340023802463769,8.810565969739592,892.0107265403412,4088.455535253163,Bus
0.0032824816441575245,2.3633867837934175,1218.5365956119238,10.330901157896033,7.824930071787111,25.171245740389395,16.409798319502173,9.044123615786496,1420.9362602735048,3407.590692227786,Bus
0.00337983226845276,4.055798722143312,1089.1264083082044,11.405810988375357,8.142967697479483,25.171245740389395,17.01533287901328,10.539439751599856,641.2762988758672,4909.305867074575,Bus
0.0041361700520001245,4.963404062400149,90.5389664853331,11.996804037705497,8.009277341419693,25.171245740389395,17.01533287901328,11.499530205415748,568.2027938848385,4913.164158157822,Bus
0.004199044334281606,5.038853201137926,-974.6721270711205,12.532073939703007,7.871021214818186,25.171245740389395,17.01533287901328,12.833631766471886,515.0456518148616,4924.342690192935,Bus
0.0035221886904822164,4.226626428578659,-2269.203005504755,13.036554610460456,7.68665763812458,25.171245740389395,17.01533287901328,14.390761438724791,-38.95964463374403,5667.899635550125,Bus
0.001946353269992803,2.3356239239913634,-936.2823841804194,13.246791673844669,7.487949360059216,25.171245740389395,17.01533287901328,14.390761438724791,140.87957229919283,5650.445931219376,Bus
0.0012961571698675116,1.5553886038410139,-1672.2563729635485,13.58845612171252,7.110256300952753,25.171245740389395,17.01533287901328,14.390761438724791,-190.38075598545296,5905.371239633861,Bus
0.0008541641391823362,0.16184162637139,905.1163524682669,13.759090975869185,6.842179154691182,25.171245740389395,17.01533287901328,14.390761438724791,-340.20282714888117,5982.453356928234,Bus
0.004115703831443073,4.938844597731688,3666.451523630401,13.80487410405633,6.748833925589641,25.171245740389395,17.01533287901328,14.390761438724791,-351.58194071910657,5980.175996615022,Bus
0.006661850722853075,7.994220867423689,2519.766596070738,13.790600799511727,6.768844049890448,25.171245740389395,17.01533287901328,14.390761438724791,-24.223398031629948,6377.688374788997,Bus
0.005607792424527391,10.094026364149304,1603.488194821987,14.049126280540023,6.633189002464575,25.171245740389395,17.01533287901328,14.390761438724791,-219.9498201685279,6355.534616690612,Bus
0.006102696188361337,10.984853139050408,1852.837438915223,14.14454640978757,6.586864061394423,25.171245740389395,17.01533287901328,14.390761438724791,-294.99576116271317,6341.716684349613,Bus
0.0066745595954339374,12.014207271781087,7959.972108827736,14.198274349593902,6.564077581745288,25.171245740389395,17.01533287901328,14.390761438724791,-244.43509847050626,6363.734831126872,Bus
0.009131341110504227,16.436413998907607,-5010.043927940866,14.280091546451455,6.545593721004624,25.171245740389395,17.01533287901328,14.390761438724791,507.0529374632941,8048.095149730579,Bus
0.00758503125620149,13.653056261162682,4946.166297367818,14.77940209660557,7.077972939593159,26.42262500198989,19.72662540832153,14.390761438724791,521.965821937035,8037.6035702018735,Bus
0.009111625792426125,16.400926426367025,4232.09356733389,15.286997582578428,7.351675078276381,26.42262500198989,22.694420442490177,15.39863435931862,1260.8806863697632,9077.736846634083,Bus
0.010417827510739055,18.752089519330298,7016.658400736871,16.20510132656947,8.547424963273002,34.76300130618785,23.07147840321123,15.39863435931862,325.69790782830995,9697.778175541825,Bus
0.01258346281960846,22.650233075295226,4537.822797169504,16.603659082481926,8.8528265504473,34.76300130618785,23.81912033380987,15.39863435931862,261.2437979322089,9655.157823804318,Bus
0.013984025411327441,25.171245740389395,-4219.673753365871,16.96640899956322,9.253213496387101,34.76300130618785,24.188998980132272,15.39863435931862,800.3436710357204,10192.56282809741,Bus
0.012681656968930567,22.826982544075022,1862.2815287487774,17.628658846146458,10.287503307238998,38.416242672054196,24.501843795532395,15.39863435931862,-114.8108794741158,11415.352216190237,Bus
0.013256435218544388,23.8615833933799,-14374.662632340824,17.782489498002015,10.391799633780247,38.416242672054196,26.033352936387033,15.39863435931862,-372.08650725246997,11426.426514744751,Bus
0.008819810949303394,15.875659708746108,-372.343691512377,17.793389245536257,10.398623548083892,38.416242672054196,26.033352936387033,15.39863435931862,-8.883446487570655,11067.730121545555,Bus
0.008704890056861302,15.668802102350343,-972.6038749141999,18.006068471273228,10.400834847668575,38.416242672054196,26.033352936387033,15.39863435931862,1480.1550658483113,12872.450511778537,Bus
0.008404703675714944,15.128466616286898,-12054.778056043233,19.045991314974568,11.166429706491899,38.416242672054196,26.497779910887274,17.62885541988617,1199.9793082523368,12989.099110038393,Bus
0.004684093164590489,8.43136769626288,1327.5813331539794,19.656256000560084,11.274063273328796,38.416242672054196,26.875873560183848,21.967105102052656,966.3548093019288,13278.837961423409,Bus
0.005093840489638014,9.168912881348424,-7561.488949873329,19.90440613068632,11.066704631189625,38.416242672054196,26.875873560183848,21.967105102052656,356.2998268359976,13539.089575047485,Bus
0.004140071405811961,4.968085686974352,-4668.697796232115,19.813636826109263,11.166387655241676,38.416242672054196,26.875873560183848,21.967105102052656,406.47630785643526,13510.029862612562,Bus
0.005686827670047465,1.0775041901142564,677.5340810637555,19.75074334432134,11.257574554852324,38.416242672054196,26.875873560183848,21.967105102052656,1129.1979223351368,13610.490907592439,Bus
0.0038778154223663604,4.6533785068396325,10213.62237737994,20.154204895524806,10.683056471152756,38.416242672054196,26.875873560183848,21.967105102052656,815.329675527232,13693.581582744579,Bus
0.01097060873999132,13.164730487989583,-1394.7618466672225,20.145546445263072,10.696342781904919,38.416242672054196,26.875873560183848,21.967105102052656,545.2452088928524,13550.986320871976,Bus
0.006668016082833462,12.002428949100231,102.56937493827891,19.91181760613936,10.905930386566027,38.416242672054196,26.875873560183848,21.967105102052656,621.5208697556757,13543.78317927745,Bus
0.0066996732973205846,12.059411935177053,2864.0506927593597,19.76889168660742,11.033031437283679,38.416242672054196,26.875873560183848,21.967105102052656,174.99440733652318,13708.013122119157,Bus
0.007583639560517918,13.650551208932253,22989.732827503743,19.377895510175957,11.45126193740705,38.416242672054196,26.875873560183848,21.967105102052656,91.85989003858911,13695.883030550345,Bus
0.014679236112216606,26.42262500198989,-4711.786238466049,19.457965862340373,11.414647237347754,38.416242672054196,26.875873560183848,21.967105102052656,-1496.3534654897733,12706.854667053502,Bus
0.013224981100344368,23.804965980619862,19724.463586022383,18.655695461433474,11.463144665560883,38.416242672054196,26.875873560183848,17.69060123785301,-1001.9989025272096,12767.358143707695,Bus
0.019312778503437697,34.76300130618785,-14471.562003495173,18.19994572079446,11.428790635977538,38.416242672054196,26.875873560183848,14.97096471003011,-2045.9637534518788,11800.408343356623,Bus
0.014846247020877458,26.723244637579423,5727.576202814854,17.16421550741952,10.768310372414282,38.416242672054196,26.108507845284418,14.369184103264367,-1424.9141917684283,11433.177903574795,Bus
0.016614017453845005,29.90523141692101,15319.820259239737,16.473512828313165,10.56399657379863,38.416242672054196,24.535582653345124,13.721383668738364,-1710.61809642846,11315.829525614088,Bus
0.02134235704003011,38.416242672054196,-22522.764763562605,15.624085757729015,10.099952699211089,38.416242672054196,21.116827753630286,13.155530152012826,-2583.05241098284,10582.578104172864,Bus
0.014390886433992268,25.90359558118608,-3283.2310268183014,14.289972956836877,8.578507908898377,36.46725897637726,16.47127974503679,12.912940530345173,-231.97055791308412,11128.708789057113,Bus
0.013377543524480446,24.079578344064803,-7110.601417042841,14.262016740983494,8.539491024776115,36.46725897637726,16.47127974503679,12.912940530345173,-592.7792058923262,11347.666971142808,Bus
0.011182913457491915,20.129244223485447,29408.426555205264,14.033611276252751,8.321386792522516,36.46725897637726,16.31683595152792,12.912940530345173,-937.8913025437957,11657.063447459825,Bus
0.050648970800523975,36.46725897637726,-6576.119026833696,13.613476868937857,8.208787297846847,36.46725897637726,14.830467938934877,12.321588854831877,-2580.973318429025,9214.65910349683,Bus
0.022778133606664273,27.333760327997126,-16727.26803505138,12.280519119464506,6.227906499838474,27.333760327997126,14.208790570976726,11.730271365699513,-2083.3711740098884,9256.179109336748,Bus
0.007441316832659801,13.394370298787642,-10873.518316164656,11.498011965230969,5.1219827579541635,25.344471264118372,13.557876983763002,11.705086660256978,609.1075008008198,12151.484031605733,Bus
0.004085292661004043,7.353526789807278,-6557.95932946457,12.443649464156868,6.92059340439336,32.307120277305664,14.208790570976726,11.705086660256978,-39.63704550307757,13105.673257457787,Bus
0.002061231139564361,3.71021605121585,9785.73449334192,13.028873326247274,6.962260092960797,32.307120277305664,14.830467938934877,11.730271365699513,-279.31742410974647,13273.910019852121,Bus
0.007622279345152988,9.146735214183584,-5599.830855094355,13.480941422445081,6.6099623952624444,32.307120277305664,14.830467938934877,12.24278231469172,-151.11981852921463,13388.122853427769,Bus
0.00373350791800413,4.480209501604955,4811.933044692348,14.004230410632076,6.662837541469308,32.307120277305664,16.20346969706926,12.83038451531218,1004.56361175497,13881.538340675295,Bus
0.042450768527576226,8.490153705515246,130.75137058925392,15.247341177519925,7.097521526113063,32.307120277305664,19.171370286073984,12.912940530345173,2558.079584064255,15919.094640671996,Bus
0.005079950310256398,9.143910558461515,-8827.959873444774,17.286683970069983,10.224587989128715,49.27700955651643,19.53673053156833,13.48254352196355,1431.6474297118307,16868.63408616278,Bus
0.03886197706002106,4.2394884065477525,1201.360346800671,18.671175261182196,10.915339201541107,49.27700955651643,21.045504049472175,14.369184103264367,821.4379831531902,17469.34305786373,Bus
0.00847331014012254,15.251958252220572,-8774.534283063493,19.716661304206276,10.451840647759058,49.27700955651643,25.19802476630158,14.97096471003011,219.9794936589091,17661.594624460882,Bus
0.008647680819876637,10.377216983851964,5175.305020785218,19.910751370416573,10.400483965466599,49.27700955651643,25.19802476630158,16.873987599727485,409.24440785148386,17580.229315182376,Bus
0.008161095093244248,14.689971167839646,-1154.8334324710095,20.2099886111783,10.19583516261013,49.27700955651643,25.19802476630158,17.70998291535095,183.47129992850225,17544.758984421827,Bus
0.0078046650214939365,14.048397038689085,-2050.570769826152,20.31191711113858,10.147823551846086,49.27700955651643,25.19802476630158,17.893272599330277,-593.7146372032418,17946.828023570804,Bus
0.0071717728085846305,12.909191055452334,13.4981096142198,19.98207564602567,10.464398613363844,49.27700955651643,25.19802476630158,17.893272599330277,-157.14762519589675,18015.58968192899,Bus
0.007175938891798896,12.916690005238012,-2128.86603184787,19.89477140980573,10.53356842420725,49.27700955651643,25.19802476630158,17.893272599330277,-29.576015933025133,18025.89228113594,Bus
0.006518881474561898,11.733986654211417,24498.872297832517,19.87834028984294,10.545276098692959,49.27700955651643,25.19802476630158,17.893272599330277,472.4997326689289,18104.01725646794,Bus
0.014080261813399095,25.344471264118372,-10499.40398640314,20.250738043272776,10.3726233423484,49.27700955651643,25.19802476630158,19.095881804020948,-1298.1649440948288,17346.38396750782,Bus
0.0108397050274722,19.51146904944996,-14012.843350072231,19.487844014647155,10.53804788754935,49.27700955651643,20.996688550199913,17.893272599330277,-842.4401914655848,17211.126636444573,Bus
0.006514753376215338,11.72655607718761,-3453.213762499317,18.958895557845857,10.799068219744674,49.27700955651643,20.996688550199913,16.545251483065897,-34.32230798701814,16937.448238774894,Bus
0.005448946659394562,9.808103986910211,3375.9238615490417,18.908755846303485,10.836677551986197,49.27700955651643,20.996688550199913,16.545251483065897,47.027778182350474,16924.06507918108,Bus
0.006490898468514636,11.683617243326346,37122.305461162774,18.878446570978642,10.86428354332929,49.27700955651643,20.996688550199913,16.545251483065897,95.19149252468503,16935.404179547826,Bus
0.017948400154058703,32.307120277305664,-23848.409242242607,18.935161555682818,10.827646388279394,49.27700955651643,20.996688550199913,16.545251483065897,-2313.81297026351,14665.868034034042,Bus
0.01058778001756407,19.058004031615326,-11351.566901597946,17.653540727726885,10.677519688534991,49.27700955651643,19.28958503658701,14.589939368248206,-1236.7517154215154,13764.420203157804,Bus
0.007084209986206679,12.751577975172022,12349.686604952556,16.970287263572057,11.014804255999781,49.27700955651643,19.28958503658701,12.784747456290933,-646.7156552342128,13559.413022647326,Bus
0.010895841654401913,19.612514977923443,17513.83775058934,16.614831610632404,11.269865314207637,49.27700955651643,19.28958503658701,12.702992271696012,-1209.242840746708,13221.013502306028,Bus
0.016301347132978868,29.342424839361964,35882.25249087804,15.962126728167789,11.463471296564652,49.27700955651643,19.14580511302198,11.87558696851783,-2303.2646821553435,12474.36579618179,Bus
0.02737611642028691,49.27700955651643,-22397.891716459228,14.640984724398603,11.362402240067723,49.27700955651643,17.329845769390566,10.943434088696751,-4155.7690019788115,8678.789251293856,Bus
0.02046318687816986,36.83373638070575,-21032.148804617584,12.17713424657278,8.417627314855302,36.83373638070575,16.453606641076234,10.405176268973005,-3008.2968663876127,7588.6211523610355,Bus
0.013971782926127399,25.149209267029317,-10827.809443084945,10.366089149502201,6.515002350782749,25.149209267029317,13.703928152829025,9.644254586009701,-1652.6535710779783,6550.017317065863,Bus
0.010629866431348094,19.13375957642657,-4989.235999212003,9.30817921649253,5.648368998271742,19.181941722808197,12.645529938839093,9.067209196918757,-1169.7506304460337,6353.20398257804,Bus
0.009089978777270316,16.36196179908657,659.8428623255892,8.791043408074948,5.294411023900483,19.181941722808197,11.87558696851783,8.932499913424106,-957.5569988479243,6467.742020042357,Bus
0.009293633981691795,16.72854116704523,-16698.552175105888,8.370436830796525,5.110836251737867,19.181941722808197,11.053270209875118,8.192033824927478,-1052.6981671522487,6653.799725624992,Bus
0.004139759853572693,7.451567736430848,6680.769470320745,7.8787836345466005,4.809390589371739,19.181941722808197,10.723761846340018,7.451567736430848,-74.83229165514604,5466.726736991397,Bus
0.006201725739474158,11.163106331053484,2564.930294871647,7.905484628178833,4.965815709734041,19.181941722808197,10.833597967518385,7.803601815805552,-525.2057424535385,5342.523610549315,Bus
0.010490056338318482,12.588067605982177,7912.648940191224,7.688309847987189,5.060846290813084,19.181941722808197,10.405176268973005,6.674703718186997,-745.9297451196232,5472.763410294513,Bus
0.015984951435673498,19.181941722808197,-10914.421237442644,7.3383271509875465,5.060008026654409,19.181941722808197,9.865422638807846,6.616560523409048,-1411.974259374304,5071.3807110871885,Bus
0.008405492243004995,10.086590691605993,-1384.9089338182644,6.427279876232114,3.8921561835176726,12.817916937409844,9.201918480413408,6.5584173286311,-620.1036778686088,4377.687444885571,Bus
0.007443749927853423,8.932499913424106,2149.514319499094,6.1223373082842905,3.899651753709049,12.817916937409844,8.999854555171432,6.100441122504993,-550.5759273277309,4584.403109976478,Bus
0.008936468205283349,10.723761846340018,-1826.2120391119324,5.866867980544307,3.983280025096972,12.817916937409844,7.938311099300202,5.642464916378886,-820.5849520104135,4739.29182089605,Bus
0.007668265400344507,9.201918480413408,4339.198148395723,5.381178593964735,3.840093137721777,12.817916937409844,6.645632120798023,5.517699832448855,-708.8486089991337,5012.787793995619,Bus
0.007121064965227691,12.817916937409844,-11057.783794601126,4.956651939914884,3.816031619325112,12.817916937409844,6.5584173286311,5.392934748518825,-1339.8544536734908,4962.0878190550475,Bus
0.0037081687323261094,6.674703718186997,-2307.1841454027094,3.973993815228013,2.5904317146145988,6.674703718186997,5.871453019441939,4.691972677677349,48.4211664590283,3276.8606320343365,Bus
0.002996074860288236,5.392934748518825,449.15430214810976,3.5881781148053014,2.5376020509455546,6.5584173286311,5.517699832448855,3.9910106068358724,441.02205176931807,3404.5030325881353,Bus
0.004702054096982405,5.642464916378886,1099.1428947026561,3.2873853425197144,2.639565902025939,6.5584173286311,5.229601338993133,3.455297685407076,439.3956016935596,3806.3474990571203,Bus
0.00546534777385925,6.5584173286311,-4366.599077583383,2.8163694277478797,2.6542824358308033,6.5584173286311,3.9910106068358724,2.9195847639782797,274.45877844128563,4374.511097293142,Bus
0.007298961909945699,2.9195847639782797,-1167.8339055913118,1.880857452527075,1.8865495736051185,3.9910106068358724,3.187441224692678,1.7662096016362137,1821.478063782842,3787.467358961537,Bus
0.0,0.0,551.5509953647329,1.5346150153766736,2.149255915148632,3.9910106068358724,2.30192252306501,0.6128344392941477,3316.1340484699185,3909.7108480081724,Bus
