0.08983553006745659,24.877531403295674,11656.601666670424,46.6545173051321,15.99133149105091,70.95675977913433,55.64973873544287,47.270591131384464,-39.11760502618207,8468.354663917959,Car
0.055809012666337955,66.97081519960554,-31732.213347240173,48.952445273728785,15.999396198838243,70.95675977913433,67.15101089998355,48.20396628115104,-844.3977696348278,8053.228474820695,Car
0.05628792232903527,40.527304076905395,5409.612221264836,47.477333442946524,15.605888458353668,70.95675977913433,55.829934435820874,47.270591131384464,440.1069665118615,3784.9799489760003,Car
0.1601355146140589,48.04065438421767,-2220.7019396526766,45.89778582644915,17.79197969127927,70.95675977913433,55.829934435820874,47.270591131384464,533.2180835893496,3933.650487105862,Car
0.06773052430895903,40.63831458537541,5253.066935570044,45.76052933528982,17.785165804905514,70.95675977913433,55.829934435820874,45.898026219791134,703.2206587539797,3881.493946131827,Car
0.20580594226941173,49.39342614465882,-3421.3894591269004,46.61582432599367,17.936542183929784,70.95675977913433,60.23106029986876,47.43390302831783,387.2471696273422,3746.4902250113987,Car
0.03904181859070007,35.13763673163007,4180.625074527385,46.618651520470095,17.93700748815671,70.95675977913433,60.23106029986876,47.43390302831783,619.6218983490043,3640.4568865097153,Car
0.11050771028701989,39.78277570332716,2418.390783080673,47.47050208729864,17.76680957093328,70.95675977913433,60.23106029986876,48.9086241061357,-96.71953755929107,4259.7563275501025,Car
0.15500175959517085,46.50052787855125,1612.6556106512169,47.10365924018859,18.008004679128977,70.95675977913433,60.23106029986876,48.9086241061357,-550.860069174509,4457.0995433169755,Car
0.2593802329036099,51.876046580721976,-4421.609736102473,45.75299907675393,19.039141029082163,70.95675977913433,60.23106029986876,48.9086241061357,-388.72360796843725,4596.737456668507,Car
0.10749554797297915,29.76799790020961,-2763.3131292891903,45.01022968448912,19.07742791484984,70.95675977913433,60.23106029986876,46.83140136955771,-64.96466062091562,4525.216692897238,Car
0.09894683577777101,19.789367155554203,5715.58220450604,45.65808067220103,18.749763798218204,70.95675977913433,60.23106029986876,46.83140136955771,159.16126687859986,4495.446035062421,Car
0.6314616873249909,48.367278178084405,-1291.4823921973607,47.01976387473336,17.733566648357854,70.95675977913433,60.23106029986876,47.695154692142566,-248.32809077195844,4331.660974657413,Car
0.05251043009621662,31.506258057729973,-839.7605076861893,46.648275907576036,17.781608149248182,70.95675977913433,60.23106029986876,46.159277883615864,99.02120232735811,4518.129997189634,Car
0.08362960336551757,30.106657211586324,7353.640295710393,47.90532553946267,17.541861954521053,70.95675977913433,60.23106029986876,48.23650062019385,-17.39400554615081,4573.251542292664,Car
0.43514903059284377,50.53343581078186,1992.5607704905985,48.9243489267663,17.038233193106127,70.95675977913433,60.23106029986876,49.96854749592288,-293.1178590085334,4261.036128817198,Car
1.9555350533656186,67.69159800111757,70.87530844546804,49.075296986315365,17.06658843989924,70.95675977913433,60.23106029986876,49.96854749592288,-405.95388102551215,4227.068296938706,Car
0.32932356041666533,69.73910691176442,257.85590132539204,47.99411073739494,16.500716156527076,70.95675977913433,56.921491621460234,48.23650062019385,-524.3865452363301,4246.144553178044,Car
4.257405586748059,70.95675977913433,-1.1650895123963778,45.62974647205991,16.60842897573651,70.95675977913433,54.326110425188205,46.545452114454875,-666.4267999494273,4266.068052935817,Car
0.29536189336829394,70.88685440839055,-12.183271958751902,42.91750520858564,16.68377014695225,70.88685440839055,52.519085301591645,45.68169879187002,-768.8941716985862,4273.8527233532595,Car
0.5312706808142181,70.83609077522908,-4449.00162550249,39.86700712623265,16.877113661359747,70.83609077522908,50.90900573529435,44.01027110773947,-686.9731563636199,4304.711898010382,Car
0.17693495442425747,37.46857858396041,-6042.11862430639,37.203019858740355,15.908698821175669,57.74421439945249,49.70925876505493,41.831268244692914,-378.82456984504927,4241.355948068777,Car
0.04468175873479004,8.936351746958008,7271.8345628146,37.112003533936765,15.912306338891442,57.74421439945249,49.70925876505493,41.831268244692914,49.65052317927873,4068.455231500877,Car
0.47811942592199397,45.29552456103101,1179.3495636399296,39.009239270134444,14.582624007075852,57.74421439945249,49.70925876505493,44.01027110773947,-248.2229867847214,3714.5462121422606,Car
0.4491216675512971,57.74421439945249,-1066.402846962707,39.28932203227959,14.762403092077752,57.74421439945249,50.58963866922757,44.396445338578474,-292.5859231878522,3701.875996089517,Car
0.10988882229819331,49.44997003418699,1226.1051153063406,38.97536802262924,14.411870771255247,56.647250695462816,50.58963866922757,44.396445338578474,-227.07793774733872,3699.0530576754295,Car
0.10145070457705765,52.17464806820108,-10146.203643638524,39.19800466216594,14.615159863637203,56.647250695462816,51.039168404561806,44.396445338578474,-299.78496734631864,3683.2437837104885,Car
0.06308928647996756,32.44591876112617,-6664.4198492236865,39.23690000902834,14.652499666487897,56.647250695462816,51.039168404561806,44.396445338578474,221.67298518951526,2862.7247629936905,Car
0.07037089442448684,19.487324609857893,4855.384834772654,40.301531183338675,14.904486420298316,56.647250695462816,51.836989406196324,46.4744697468103,609.1230788241937,2362.343331341361,Car
0.10283516315396059,37.02065873542581,2053.5692108479607,42.57144671616222,15.024238734302465,64.88563526632892,53.10251550452769,46.95204883855614,23.104766320156024,2685.201199213585,Car
0.10681254413611982,42.725017654447925,1719.205420701118,43.583307686301374,15.30949139656859,64.88563526632892,53.598933313155726,48.755078081929746,-92.07243493376059,2642.589190527389,Car
0.1175575780155018,47.02303120620072,-2434.204948505126,43.400320136484446,15.342126994679223,64.88563526632892,53.598933313155726,48.755078081929746,655.2363551273785,4582.83061233257,Car
0.11371533009704973,40.937518834937904,5655.503469788968,44.15975004949125,15.896777232226722,64.88563526632892,53.779582391729946,50.69215238079636,787.6494919691332,4526.784139043169,Car
0.11014743190784436,56.647250695462816,-3168.0646651563657,45.23534768041287,16.387472639679082,64.88563526632892,54.5888397925565,51.18115700518967,-673.7286446967813,6944.632934580686,Car
0.08414520826276463,50.48712495765877,1839.1632264627403,43.23373073435401,17.337522957697725,64.88563526632892,53.779582391729946,50.69215238079636,2043.24021798271,13475.863018143933,Car
1.5173179150499612,53.55239700176334,-264.1596698489756,52.20081019777565,45.22930477509023,229.82871422609156,54.741496653243004,51.18115700518967,-6007.27322028543,38487.30966216648,Car
0.47347536162228726,46.06787302270903,-2297.777975770895,52.1717868623865,45.22857805842633,229.82871422609156,54.741496653243004,51.18115700518967,-5516.2129784934,38626.84432384542,Car
0.0498929369001416,22.45182160506372,-2582.9491929365486,53.313410156449365,45.35438341543465,229.82871422609156,58.49631597024086,52.20884460594726,-5754.802972725216,38620.65513688092,Car
0.05570644836549723,16.71193450964917,-2050.5125244955743,54.85032737023814,44.770594823227476,229.82871422609156,58.49631597024086,52.96224264971475,-5627.502213539478,38635.853488051536,Car
0.046640882484061105,9.876892761330588,1626.237034740575,56.67064813234553,43.869368547654865,229.82871422609156,58.49631597024086,53.04514002288862,-5406.681431313347,38669.979351244205,Car
0.18531697949015707,17.556345425383302,1713.9701048689217,59.29275769965189,42.470205379284046,229.82871422609156,62.23849312661715,53.15425781631808,-4474.730836455374,39070.91675516107,Car
0.1584366759461715,35.64825208788859,2527.3832361801697,64.34551254096394,43.24764681881453,229.82871422609156,62.3516809439358,53.464354064086095,-7673.1646694568935,41103.09258483775,Car
0.14324770310556312,46.88106647091156,1314.3643635346,65.03507724053065,42.87433611030127,229.82871422609156,62.3516809439358,53.464354064086095,-6682.302370344136,41597.82433020282,Car
0.09896673850764935,50.89717980393395,292.09083557730816,68.57676401820717,44.20090474945912,229.82871422609156,63.05851240660994,53.82062253612698,-10107.226260578256,43672.899691636085,Car
0.5146513420644538,51.465134206445384,243.75686184756802,69.11830706918474,44.038949009061405,229.82871422609156,63.05851240660994,55.58029048156494,-10019.847714189047,43696.54302503188,Car
0.22459459510383778,53.902702824921064,-228.03547667326313,70.33966829009282,43.86196671877914,229.82871422609156,65.8893111757383,59.49295948084706,-10053.551384042317,43688.469142942406,Car
0.14709043057069204,52.952555005449135,282.95540707815604,71.35547842045142,43.696204584686235,229.82871422609156,70.22998053599807,61.96983514491116,-10130.769630650417,43671.5503144594,Car
0.5523127953198104,53.7385422473329,1084.5820234698826,72.14801254598935,43.488105901826074,229.82871422609156,70.22998053599807,62.265356786897314,-10194.913237580691,43656.38938463624,Car
0.07209515029592102,64.88563526632892,-6864.981415308098,72.74848225322752,43.30305255093557,229.82871422609156,70.22998053599807,62.38427778041396,-10145.719722283031,43670.32056672115,Car
4.167101131169641,57.25787813820881,-249.97481423037434,72.99269684154312,43.27013523236286,229.82871422609156,70.8821716325041,62.38427778041396,-10165.857828890037,43668.82090279113,Car
0.05425731480292965,39.065266658109344,16665.3812219239,73.1135948732475,43.22721445427435,229.82871422609156,70.8821716325041,62.38427778041396,-9763.062482628486,43802.04758349271,Car
0.06912403274037443,62.21162946633699,214.05778832996916,75.22828071659583,42.5023275991064,229.82871422609156,74.63726873022148,64.09870392273328,-10959.503884573904,43366.81005882754,Car
0.12142952782599778,62.449471453370286,-23572.05926352932,75.47947997899263,42.436141903954514,229.82871422609156,74.63726873022148,66.49177555318454,-10981.664260465312,43360.91271439367,Car
0.0692287990595229,16.614911774285495,51171.31258843346,75.69650869611431,42.377054223845306,229.82871422609156,74.63726873022148,67.0128302550385,-9884.607410119457,43303.12613737068,Car
0.25536523802899064,229.82871422609156,-159171.10553890007,77.70692804100318,40.33100349284408,229.82871422609156,74.63726873022148,67.0128302550385,-12345.856688516094,40987.18966402183,Car
0.0882865504899673,52.97193029398037,9557.045165991625,69.35401278032268,18.626304141641487,118.61144225162448,70.8821716325041,66.26899109395022,-3981.309148225292,22220.098488591204,Car
0.15311186423103648,68.90033890396641,-7069.57786040721,70.74614174590508,18.376264458203643,118.61144225162448,74.63726873022148,67.0128302550385,-4485.483328812875,22010.150794525434,Car
0.10342532254607638,53.19016588083928,-36.93400922181119,71.10056599334816,18.40712277742156,118.61144225162448,75.91647493166211,67.0128302550385,-4323.761980281886,22002.045758709803,Car
0.2065713601458767,53.11834975179687,2365.903120027054,71.601307076983,18.026536147361703,118.61144225162448,75.91647493166211,67.0128302550385,-4188.418672720635,22038.099594498224,Car
0.1731085669651601,62.319084107457634,20265.248931900063,72.47646287568155,17.499152653349896,118.61144225162448,75.91647493166211,68.01942611524021,-4168.663898789917,22044.46022095274,Car
0.13179049139069388,118.61144225162448,-62254.70655516148,73.27505398418613,17.375219773816898,118.61144225162448,76.56434445900821,69.28658227442436,-5267.310510686233,21297.524125852065,Car
0.15106527968651423,49.439546079222836,22344.62921843532,70.78467071158619,13.720194534482168,117.71480202444187,75.91647493166211,68.80350715791667,-2372.1907330962995,16549.36107777745,Car
0.09809566835370157,117.71480202444187,-67184.11344114784,71.39018966399276,12.975613036154737,117.71480202444187,75.91647493166211,68.80350715791667,-3548.579137664687,15503.073637206195,Car
0.4286669501630925,61.72804082348532,2039.661763361501,68.4669184287144,7.3609333624777715,81.35898352507597,74.63726873022148,68.01942611524021,-17.183607433254018,4081.7795670154096,Car
0.2951369502068044,75.89235862460686,-430.3165352178427,68.67779886660006,7.216714420126113,81.35898352507597,74.63726873022148,68.01942611524021,-250.4754481143782,4091.359869486237,Car
0.22677998882028425,74.21890543209302,-1772.4004088352287,67.99809014705039,7.141236458273038,81.35898352507597,71.52082565234896,67.0128302550385,-296.8621877562074,4098.758688677192,Car
0.21023211463285657,68.8032375162076,-999.916731527347,67.19457402311812,7.306627816125599,81.35898352507597,69.98281170592274,66.36784768850131,-319.7894934649019,4108.717234312491,Car
0.12784320965129828,65.74793639209626,2068.4523294230694,66.47592908472936,7.828283013294023,81.35898352507597,69.98281170592274,65.84679298664736,-415.6701173879261,4147.614441891565,Car
0.09690267643422378,69.76992703264112,-7267.743547448228,65.66692176838049,8.695502826707076,81.35898352507597,69.98281170592274,64.57531856736743,-446.4373248210621,4130.46410791672,Car
0.16576621881193435,59.67583877229636,7805.9321110006595,64.7980893264672,9.121637618625345,81.35898352507597,69.25819903116121,62.987698283009024,209.59762732201915,4030.792238578305,Car
0.15819802352098106,81.35898352507597,-7263.446816984481,66.14107331706673,10.236897772489936,86.53551858428689,71.96330525753267,64.57531856736743,-1166.9364946873316,5668.358355231731,Car
0.1307359174999749,67.23561471427281,-229.14972949815657,65.30408060729471,9.591135794003794,86.53551858428689,69.25819903116121,63.912058441585906,-885.8766594151955,5486.60586638334,Car
0.40816139097435883,66.79004579580418,-1630.9222566122532,64.87673895681225,9.690436871369403,86.53551858428689,69.25819903116121,62.987698283009024,-2085.9722673658025,7566.254125994491,Car
0.1736267459424136,56.82329867206263,1946.327020500764,62.115878068648044,15.337236916271106,86.53551858428689,69.25819903116121,62.53429662304768,37.47254694188014,12225.498732874335,Car
0.13948979780551474,62.77040901248163,8119.845266915991,77.43637113272345,68.98460613440398,363.23315995357103,71.96330525753267,62.987698283009024,-9994.511385951691,46064.75778673515,Car
0.7407996713849259,80.81450960562827,-526.4384457600463,78.6613592605161,68.92797272465639,363.23315995357103,76.56434445900821,63.912058441585906,-11837.113422011485,46039.0815281129,Car
0.2532960795094262,75.98882385282785,-3835.1508897874264,77.78696754805637,69.01009396472435,363.23315995357103,71.96330525753267,63.265831454985275,-12462.75269683487,45962.24351077551,Car
0.17556940987093453,63.20498755353643,2669.9321420032247,74.61845546780351,70.53493500134124,363.23315995357103,69.25819903116121,62.75158589357508,-11446.175333002213,46385.99888255222,Car
0.19617073812713223,70.6214657257676,2760.9985986414135,89.04376482234946,93.75687506822577,363.23315995357103,72.53882586371303,62.81242979502393,-16095.580572745708,49455.320103164195,Car
0.43494947931971845,78.29090627754931,-1707.6833060262406,89.29964055742921,93.71092380422277,363.23315995357103,76.37696188990932,62.81242979502393,-16142.857282483708,49436.79393453326,Car
0.1146729613327096,68.80377679962575,-4352.311003362833,89.57548079911574,93.68492966107024,363.23315995357103,77.75616309834197,62.81242979502393,-16113.538258441531,49445.97847223842,Car
0.1196804099698557,61.54992512735436,-1183.1388729324349,89.640436899309,93.67021889334853,363.23315995357103,77.75616309834197,62.81242979502393,-15818.421739142252,49537.398886975214,Car
0.11520712256447845,59.24937731887463,3443.7971634808164,90.80003918046546,93.44745577145997,363.23315995357103,84.04127602108088,63.97290234303475,-15758.432632933118,49556.77747800059,Car
0.09159117997388672,65.94564958119844,-2626.1750502609834,92.07998544619531,93.16745717938484,363.23315995357103,84.76855372123072,65.2823894554169,-15915.673679780954,49497.59693330496,Car
0.190355562936042,62.29818423361374,-1358.0513280544283,93.07494746989627,92.97973757280205,363.23315995357103,85.09744948890793,67.3610140665631,-15771.14655736663,49542.64252292889,Car
0.09691430492241239,58.14858295344743,-2230.9465230091178,94.30001576339777,92.7139221911776,363.23315995357103,86.01754718748533,72.92093961542673,-15711.130839391471,49561.7447667211,Car
0.09071723124738706,54.430338748432234,-2917.52920998783,95.70846541737892,92.34907306822387,363.23315995357103,86.37206167087434,79.77334576932127,-15585.217290408269,49600.977526620605,Car
0.09638181401550952,49.56779006511918,1453.10818076035,97.38263963068162,91.86359743995857,363.23315995357103,86.60152646412608,84.27484093088188,-15475.427192824538,49632.91267827223,Car
0.3056274561338566,52.39327819437542,5852.955495413395,98.96914961808976,91.26641337591734,363.23315995357103,86.60152646412608,84.27484093088188,-15694.00581542325,49564.015423589095,Car
0.09615057620476321,86.53551858428689,-19724.750329186354,100.09011139112242,90.80073792762227,363.23315995357103,86.60152646412608,84.27484093088188,-16189.097509460358,49386.59311397873,Car
0.2333468559125722,64.61912932963538,-1642.2501115417604,98.04186617217967,91.58126922187374,363.23315995357103,86.43806955071354,82.55285046228082,-15822.026086525346,49386.21385913812,Car
0.11411707553676786,58.68878170462347,-24231.061888510292,95.54152518215875,93.20995713011645,363.23315995357103,86.43806955071354,82.55285046228082,-15901.417355941716,49363.49033385583,Car
0.09965490805781219,11.572828032520125,40837.974029541394,92.70963133730274,95.22709836491177,363.23315995357103,86.43806955071354,82.55285046228082,-14647.929375931004,49459.04909645816,Car
0.5044904999355153,363.23315995357103,-198693.35163737068,92.62958687324544,95.29953381965042,363.23315995357103,86.43806955071354,82.55285046228082,-16394.90917159638,47991.32581694937,Car
0.07272514297361167,87.27017156833399,-28732.195454279852,77.26033952500434,71.0671743747365,351.71117464445524,85.96306154968116,78.5184851203222,-6667.973046747463,21502.773776961516,Car
0.24627040416391044,63.326675356434116,-13039.223942227747,73.49652066081806,72.48830059497722,351.71117464445524,85.09744948890793,75.27574704119561,-5090.646833327057,20948.987289203942,Car
0.2593819684263967,12.61858224777065,16496.396386865737,71.78981041154375,73.13926393887226,351.71117464445524,85.09744948890793,75.27574704119561,-4394.32877433457,20902.276566993354,Car
1.0746730336358354,351.71117464445524,-90318.17265286666,73.61653421002741,72.03147578504145,351.71117464445524,85.09744948890793,75.27574704119561,-5202.872937259176,20357.305406085696,Car
0.3366176907882785,75.73898042736266,1815.4644038813722,58.6423429215199,30.103747526569318,87.91382301448643,84.76855372123072,72.4577062292597,-1417.6023878279655,4764.695174791598,Car
1.0243164691378652,83.80771111127987,-1121.302825182741,55.84312115895119,31.019289107276744,87.91382301448643,84.76855372123072,62.97555589611983,-1529.0611686823431,4710.8536352331785,Car
0.66208293314408,70.10289880349082,1550.0193826227971,52.40487731022201,31.56275649386187,87.91382301448643,84.76855372123072,54.037780931527024,-1439.0318241847176,4736.193861748432,Car
0.5414070353503139,84.7419707504839,16.643251250184715,50.00095061016675,31.972128204194398,87.91382301448643,84.76855372123072,50.690203545874326,-1446.7145773287434,4731.2120251267115,Car
0.282827675444904,84.84830263347119,298.9762265240856,48.41658622358656,30.928019358408942,87.91382301448643,82.1855680183291,50.690203545874326,-1966.3571180322822,5117.0347023121885,Car
0.30999543631050996,85.84489005521814,264.3673980255257,45.67399329143251,29.943719670794295,87.91382301448643,76.43388269459187,47.361836211437804,-2048.0297864911363,5091.949101507611,Car
0.2652208475389112,86.79955010364365,-157.73696855132263,42.19579801210554,29.05909747897989,87.91382301448643,60.589288155318776,37.78352909791119,-1673.0481582363896,5528.621651923693,Car
0.4795420890726121,86.31757603307017,287.32445665492634,39.96386972421071,27.101241196344265,87.91382301448643,53.75306551134753,36.078714168068636,-1581.6000461267938,5569.97699926119,Car
0.8058767109661256,87.91382301448643,-721.7272583132378,39.102304943610605,25.792360203088222,87.91382301448643,53.75306551134753,36.078714168068636,-1740.1227758974517,5559.0928090903635,Car
0.18066219958507054,81.29798981328175,-2918.464271213924,36.639275796261714,23.09702437355222,81.29798981328175,52.434182410449004,34.324842028949476,-1701.7720763599434,5569.1248792863535,Car
0.5403125986196509,74.81251365502858,-4048.8783853287337,34.554211988594865,20.600682209909003,74.81251365502858,49.921630881658885,34.324842028949476,-1597.8647388147804,5564.614309516516,Car
0.11392653551358042,45.57061420543217,-12383.321870486145,31.194484484916217,19.115231306288877,69.08628042106781,46.46622520843499,29.594457180669153,-1257.5461462729456,5614.731835766439,Car
0.05682564816917647,14.612309529216807,-3230.075499869128,30.101120881157208,18.873518789705333,69.08628042106781,43.90900281367116,26.447906250600084,-395.4908971570418,5118.2369475949245,Car
0.019369656515311133,2.0509048075035317,838.6977117039492,31.77011828916696,18.907618863748326,69.08628042106781,48.282457821419655,29.594457180669153,-155.70939820320274,5090.711693271478,Car
0.07755952362179903,9.971938751374163,5898.378116233887,34.8499631728662,18.828462748808867,69.08628042106781,49.921630881658885,34.324842028949476,-285.81638136806885,5097.207528884602,Car
0.5895089148812378,55.84821298874884,-4154.629140392227,35.77031440777853,17.97911945413078,69.08628042106781,49.921630881658885,34.324842028949476,-255.18250779679664,5138.008038923564,Car
0.07329540951705296,11.993794284608667,2814.3288141282696,35.39159653449231,17.609916427390917,69.08628042106781,48.493656196629125,34.324842028949476,-62.318276411583156,5055.666788820456,Car
0.656830583346332,29.19247037094809,887.1372376220157,36.80914024616248,16.747287515600398,69.08628042106781,48.493656196629125,39.124976863726715,-182.8066722470187,5012.028140388545,Car
0.4642233276091881,49.153058217443444,325.5131283735976,38.01292380911637,17.03381206015163,69.08628042106781,49.921630881658885,39.97069108897841,-195.75043071168744,5009.453154496983,Car
0.11606077527623378,52.2273488743052,-14612.761664242465,38.602615910390774,17.63336290232369,69.08628042106781,52.434182410449004,39.97069108897841,-266.6951784423986,5011.729192680187,Car
0.22498232005987032,19.75454517598861,-413.7112132061741,37.82372478299917,17.341495777885672,69.08628042106781,49.46906239698837,39.124976863726715,493.08814404841786,3703.468808219568,Car
0.15460690640493185,15.042834136696072,679.2840647697651,38.78181643771831,16.811903502343863,69.08628042106781,49.46906239698837,39.2565459651581,271.90041902814687,3887.9840684693218,Car
0.48943032894189614,22.024364802385325,1396.3643197422793,38.2286310255979,17.787827882009953,69.08628042106781,49.46906239698837,39.2565459651581,571.189458610439,4143.016278034577,Car
0.11789929559751205,53.054683018880425,-10376.207562820595,38.43721322292896,17.611397653370464,69.08628042106781,49.46906239698837,39.2565459651581,452.8588788897955,4151.994858850216,Car
0.30829678545678835,29.996443990390215,-1334.4771426529946,36.339642740247015,18.26492616019401,69.08628042106781,48.06265714781489,38.784809168940114,699.4434695739178,3582.386980973545,Car
0.0542699482289296,16.28098446867888,7763.999963120454,34.94127456322808,19.783582864576076,69.08628042106781,48.06265714781489,38.784809168940114,1003.4007452732319,3657.836893772976,Car
0.679260303348147,42.16098434574706,1671.2252736405985,37.918976984442814,21.25431433350856,75.83503289297373,49.52242704977473,39.2565459651581,-523.9117049936782,6188.331174164107,Car
0.7292440711112713,69.08628042106781,-2883.1301387582284,36.12205803035422,22.36686773967905,75.83503289297373,49.52242704977473,38.784809168940114,-653.7305983639123,6167.0547465665495,Car
0.8052758347397653,38.65324006750873,45.28673243692663,32.7347367824785,22.241428189244346,75.83503289297373,48.06265714781489,37.65138319699095,229.22420823050896,7034.246495691901,Car
1.5068749365034513,39.596713659944704,-840.3175203106621,51.39124254273935,87.68378106781628,411.7833552727256,49.52242704977473,37.78295229842233,-5090.862045230415,24851.70239192545,Car
0.04443812089182445,7.61796358145562,2757.493465507964,52.27450156724815,87.64768423796029,411.7833552727256,54.266579760049495,37.78295229842233,-5249.058302942253,24833.284344688815,Car
0.11851671065126039,23.70334213025208,4857.78311183193,54.08932431659014,87.04808939041409,411.7833552727256,54.266579760049495,39.63052339419181,-5374.860890301909,24796.93572854049,Car
0.4799225768941173,47.99225768941173,1565.5544792076546,55.337966499608356,86.76794201630655,411.7833552727256,54.266579760049495,42.12954354315388,-5097.98723433271,24947.659756616955,Car
1.2729560496297656,63.64780248148828,-1763.441951593372,56.38281281603679,86.80064317460125,411.7833552727256,58.183145673323196,42.12954354315388,-5297.495138101605,24907.48877360926,Car
0.086713499429397,28.378963449620837,6511.055587659332,54.961129395520935,86.90817618400328,411.7833552727256,54.266579760049495,39.63052339419181,-5293.631234321822,24908.07185390489,Car
1.2873028139473162,48.27385552302435,-297.3445126879586,55.13895532754314,86.85454480463397,411.7833552727256,54.266579760049495,39.63052339419181,-5501.074726393527,24821.710650507684,Car
1.288788022103165,40.34466851801212,404.5608974195603,56.06086783019985,86.87569367213652,411.7833552727256,58.183145673323196,39.63052339419181,-5397.681384144,24848.81929283942,Car
0.6510550643669827,53.26814163002585,628.2620683286461,57.649736150542296,86.86371933155668,411.7833552727256,62.38820157623828,41.41539841933357,-5355.695894845673,24859.845916513168,Car
1.354375560954034,60.94690024293153,-1093.3818262406267,58.81709079978431,86.95856436440033,411.7833552727256,67.25637518661402,41.41539841933357,-5295.824915329405,24876.452172200563,Car
0.14252593571406227,36.64952632647316,582.9047855738584,59.90478779482338,87.12250362184596,411.7833552727256,69.6973967447006,41.41539841933357,-6449.907237830481,25204.47459472236,Car
0.281062731952683,38.916378270371496,-4837.465713611594,60.19276779599685,87.05107830380352,411.7833552727256,69.6973967447006,43.16177245911916,-6188.9009274636355,25307.95258492236,Car
0.01326375298095921,3.9791258942877628,6665.064856415611,61.49577233748583,86.91077005316919,411.7833552727256,69.6973967447006,46.295302179455916,-5972.163389053801,25338.678201980565,Car
0.40749346942898945,26.196008749006467,-970.2472746705919,63.65890619128324,85.93681434535243,411.7833552727256,69.6973967447006,47.95899438042615,-6288.329982854704,25211.829064508947,Car
0.018505455608736177,11.103273365241705,-5444.515749138149,65.03394371716468,85.52486442376059,411.7833552727256,69.6973967447006,51.18647252862549,-7127.632739566919,25304.70517544497,Car
0.031563473666844866,2.0290804500114556,4744.6683713332895,64.69746489988503,85.76112179655156,411.7833552727256,69.6973967447006,51.18647252862549,-6862.599000513139,25350.977956175233,Car
0.2317181560618642,75.83503289297373,-22782.24904221775,64.76275315656653,85.71138523308753,411.7833552727256,69.6973967447006,51.18647252862549,-6858.134455216469,25353.137462250725,Car
0.03284152778209052,6.222605263975046,-925.152593764086,62.41337193371196,86.03527868146766,411.7833552727256,67.25637518661402,47.95899438042615,-5719.529406300993,25110.53361220422,Car
0.03721820732093003,1.3398554635534812,14775.965993130198,63.35870519932229,85.48750085111016,411.7833552727256,67.25637518661402,47.95899438042615,-5657.9886610474405,25124.40646950159,Car
1.3726111842424187,411.7833552727256,-106356.43833678155,64.57364781422928,84.72900516432847,411.7833552727256,67.25637518661402,47.95899438042615,-6559.37108647833,24672.03211967326,Car
0.1908729805004014,57.26189415012042,-4004.242674547434,44.90511738140127,23.215589209862255,82.70084014371295,65.4103782191531,45.57811076926586,-1590.4884117428805,7651.623786390591,Car
0.8660899217636083,43.91441856829564,241.44171831484553,42.18723946669546,24.819290645009502,82.70084014371295,65.4103782191531,43.16177245911916,-1262.2926169639964,7683.348252940906,Car
0.09464813903730927,48.6761857906162,10395.256231215917,40.989959738090946,25.304411761907843,82.70084014371295,65.4103782191531,38.8116302105571,-1281.3321960807693,7679.89686233948,Car
0.9567942224719511,68.88918401798048,-2424.6035961702464,39.53523750058979,25.672903244278068,82.70084014371295,65.4103782191531,33.57480808061817,-1791.7210104837836,7186.391589480625,Car
0.06847192736061126,35.21413407117151,-1686.1638759977159,37.127150889906844,25.02521072309525,82.70084014371295,56.5166867250139,30.39144526297354,-1654.6143611582818,7199.827080124264,Car
0.4701612641037323,31.935482090064838,2362.1857462252324,36.46896873288513,25.250267565138195,82.70084014371295,56.5166867250139,27.243058098787714,-1639.895328140433,7200.060093062933,Car
0.20384254481603997,66.71210557615854,1770.5223323026055,35.607443048569124,25.702978436054945,82.70084014371295,56.5166867250139,25.383989168937383,-1812.5102697509544,7140.198031889151,Car
0.26044068167310896,72.12203492486094,1244.2706833860825,32.88596251372785,25.11095688645405,82.70084014371295,48.855542044335756,23.58988075345951,-1845.6581145369717,7124.209557884262,Car
0.25538411538288747,76.61523461486624,1825.6816586540137,30.047814044310098,23.605601436080946,82.70084014371295,43.617295505016045,21.38897136752955,-2120.9364531693127,7104.872154272689,Car
0.13783473357285492,82.70084014371295,-24175.028276262154,26.274789575515296,21.726571722657212,82.70084014371295,32.23783791439736,20.34813790026364,-2194.0022772157836,7069.575717283589,Car
0.16492438024977715,42.409126349942696,5803.030992910782,22.435334321292828,17.628865281420673,64.97646910015129,26.440882930240452,19.775282518399223,-831.220728755821,4904.947010120229,Car
2.2922254376997815,64.97646910015129,-502.7149454149192,21.380615429993146,16.99042398534085,64.97646910015129,25.25662987255948,19.775282518399223,-1219.004642028353,4652.946845469167,Car
0.8923451672155706,47.24180297023609,341.732980397577,18.465286673980582,13.823396775929872,53.696759266634764,22.82018584209848,18.997243828379013,-1255.789867305948,4649.893125754415,Car
0.14915766462954103,53.696759266634764,-17756.302408914893,16.247488252788294,12.453911902390002,53.696759266634764,21.49868412564613,16.885906076335615,-1277.988255246132,4642.919738491889,Car
0.03158781180857572,4.373697019648946,-143.84096806255806,13.664344192440197,9.213904430691514,28.847408435882244,20.874275984228493,15.032016970125314,-344.3140053522273,2569.316475286987,Car
0.01760057391366391,3.3348455836415827,4833.959277266652,14.056899127198724,8.961023348792486,28.847408435882244,20.874275984228493,15.032016970125314,-13.263697808016286,2988.8112282746233,Car
10.569369924146855,28.847408435882244,-10.148063908205009,15.221081654071137,9.007084105019505,28.847408435882244,21.49868412564613,16.885906076335615,-516.6612432738716,2977.274508007683,Car
0.04188211762696929,25.129270576181575,305.6623113069669,13.87383245854183,8.875845269384612,26.61849612108985,20.874275984228493,15.032016970125314,-352.3633357341151,3095.0343384320518,Car
0.05697490613709597,25.638707761693187,-3251.6825154875887,14.85086618493763,11.001090195934239,44.66994510409754,20.874275984228493,15.032016970125314,-3942.1865377232643,16196.999917691672,Car
0.040917214702589355,18.41274661616521,-6978.78484207257,13.816572448489069,10.90546456023087,44.66994510409754,20.158480948234637,13.493731641538846,-3693.299762804072,16246.338164360172,Car
0.019362239040026298,2.9043358560039447,2559.6732210302534,15.13333229126675,12.897575771684718,44.74794347171881,20.874275984228493,13.493731641538846,-3194.065755509203,16293.406289400478,Car
0.05546895554501565,19.968823996205632,-139.34986402061597,19.10419723694301,19.480038396565174,82.32163476952908,21.49868412564613,15.032016970125314,-3790.552459634246,16290.048879272692,Car
0.11966619524806718,19.58174104059281,187.47994315562826,20.66016096536408,20.75390632212641,82.32163476952908,23.19249222832555,15.032016970125314,-3776.9346145347567,16293.375287804764,Car
0.08636438251800688,20.72745180432165,317.5293903397912,22.414668878829794,22.09767470529495,82.32163476952908,31.131358366841773,15.032016970125314,-3665.1664902452685,16329.628057528445,Car
0.11637759102333652,22.050490930737446,-1391.7832156407478,24.246493611272705,23.42887443074899,82.32163476952908,44.68944469600286,15.032016970125314,-3683.5111538382575,16325.123887563404,Car
0.03267770756387691,14.70496840374461,-1090.1130859851883,25.98611322770372,24.523359054350948,82.32163476952908,46.33298224494588,15.032016970125314,-3575.9914136882644,16348.0772353337,Car
0.03411804133148078,12.28249487933308,1107.5654365822572,28.166762874810956,25.391137247175774,82.32163476952908,51.984048750947096,18.33690703022752,-3570.948895218537,16348.899886228746,Car
0.05119688512168673,15.359065536506018,-4261.296089260733,30.207480759038468,25.685748635019102,82.32163476952908,53.49061425038923,23.966622322519434,-3616.5338991180324,16336.434668245012,Car
0.015075840619889222,1.1547452389702382,364.36517772459,32.11069222362336,25.9366133066763,82.32163476952908,53.73544594862965,35.6442206125937,-3434.336495588398,16349.180464755165,Car
0.029558675296317487,5.911735059263497,3080.6026929371046,34.51833703019569,25.134354370200533,82.32163476952908,53.73544594862965,44.70894428790818,-3957.493479668363,16388.585678801817,Car
0.15986061392961765,21.31474852394902,-1952.6472725398578,35.566046289767264,24.302098171190632,82.32163476952908,53.73544594862965,44.70894428790818,-3474.1282133146865,16745.764385742797,Car
0.020380231605250272,6.669893979900089,-1238.4194509668198,36.9059305444388,24.213582623208204,82.32163476952908,53.73544594862965,46.430188544549225,-3388.175231000874,16758.391948251567,Car
0.024048621219919682,2.885834546390362,-102.23477840610357,38.73798135487517,23.16909436391688,82.32163476952908,53.73544594862965,46.430188544549225,-3469.101600361694,16751.370855575755,Car
0.02259864510747591,2.033878059672832,917.1825889631996,38.73556445994059,23.173033322380583,82.32163476952908,53.73544594862965,46.430188544549225,-3452.764063317286,16754.986320623062,Car
0.027166212699598877,12.224795714819495,6477.165182821661,38.87241198429943,22.951911914360835,82.32163476952908,53.73544594862965,46.430188544549225,-3410.732385705787,16767.575452525303,Car
0.12569845390514653,26.61849612108985,-5233.9916320504535,39.98897452330072,22.11526773174691,82.32163476952908,53.73544594862965,46.430188544549225,-3686.1683302356387,16641.371294937177,Car
0.02483720908025391,1.9024245252960441,3275.8100868869233,40.56071040030683,21.898156746798968,82.32163476952908,53.73544594862965,46.430188544549225,-3462.449646474585,16649.541596453055,Car
0.02481663616894308,44.66994510409754,-71490.80172847601,42.27329761249895,19.970177176039865,82.32163476952908,53.73544594862965,46.430188544549225,-3737.337017476656,16577.665598628268,Car
0.1141903171433124,4.952833032721984,1726.052982896248,40.67481964769724,21.020118320214912,82.32163476952908,53.73544594862965,46.430188544549225,-391.8590406858026,4633.383866514903,Car
0.5593492933964852,44.74794347171881,3005.8953038248214,40.553170376168865,21.243584422115312,82.32163476952908,53.73544594862965,46.430188544549225,-63.304210132353816,5009.207465494432,Car
0.27440544923176363,82.32163476952908,-9370.060861470598,44.77986596696964,29.08462425710088,129.28185528773426,55.21464529726979,48.71003749389821,-224.8410266564159,5092.670413009166,Car
1.3765404335468965,51.08809856462709,133.00703796915573,42.80398339841388,28.46911529668162,129.28185528773426,54.04759706905547,48.11243361737963,283.2267419443721,4718.884573945693,Car
0.06074655478878569,54.67189930990712,2422.842428945394,42.3437547780687,29.221658278208558,129.28185528773426,54.359748189481294,45.711671903003534,292.0631951193848,4863.9613755722685,Car
0.6055083236724532,57.36394645317978,-49.363881519976424,41.618569805607606,29.953575517198274,129.28185528773426,53.42329482820383,43.31091018862743,158.88949300525917,4991.365479884113,Car
0.1105278285598624,56.842883259357805,758.6115873590919,40.63448376513435,30.650780619855034,129.28185528773426,53.178463129963404,40.6820619249197,172.7730513069416,5166.234325895227,Car
0.30778924043663836,58.31796134588937,-989.2627165906318,39.55392379885278,31.409540096830813,129.28185528773426,51.202246967150025,38.05321366121197,130.9274415889309,5358.616052530961,Car
0.08849475427313877,53.09685256388326,195.86535859234147,38.21363540263588,32.147006799850026,129.28185528773426,49.0088394321575,37.10369121517523,217.09591529505101,5567.3198736995455,Car
0.3561552988546922,53.42329482820383,-617.348018668056,37.068772544078385,33.16127410707184,129.28185528773426,48.11243361737963,36.1541687691385,218.86512835361023,5814.872144417615,Car
0.10957253637870398,49.30764137041679,-10098.77450387469,35.70589568706794,34.25344256857031,129.28185528773426,44.51129104581548,35.355107631991835,294.88450535557985,6092.432172666625,Car
0.04477653375115876,26.865920250695254,12747.908020010624,34.469373352218035,35.64330969174563,129.28185528773426,40.6820619249197,34.55604649484517,1334.250406278607,5295.137553824104,Car
0.9889778021350257,48.11243361737963,-233.58762626362042,35.22971866237032,37.477195301266015,129.28185528773426,41.99648605677356,35.355107631991835,66.06622697504947,3667.426469747543,Car
0.6135712276722219,43.31091018862743,-2856.9468381832066,33.798305889591504,39.459562658334846,129.28185528773426,38.05321366121197,34.55604649484517,103.52295862988319,3918.8030024177483,Car
0.02443399891073854,2.837496647698669,224.51596248206133,32.60923035221201,42.011317923826255,129.28185528773426,36.62892999215687,23.62821615145423,526.4472153174675,4030.7708711900004,Car
0.08083903926606527,4.770828546849753,1757.816141193172,36.86233516714249,43.47734544974292,129.28185528773426,37.10369121517523,34.55604649484517,576.7690907900351,4413.078895008734,Car
0.12478572345360756,34.55604649484517,968.4462922246524,42.210919603857946,45.033695105148425,129.28185528773426,37.5784524381936,35.355107631991835,340.5596807094078,4891.382220434691,Car
0.09513303415302993,38.05321366121197,-759.6179568293877,43.7418942256605,50.17432604265662,129.28185528773426,38.05321366121197,36.1541687691385,183.58802783059673,5633.52104547379,Car
0.38162733700757306,36.1541687691385,-2221.937333154494,45.164064366772635,57.81983689915259,129.28185528773426,59.43609039878744,24.427277288600894,497.9900227172581,6856.511311765034,Car
0.028223079573473978,12.70038580806329,-4581.242192658953,48.16736289931735,70.43139567063399,129.28185528773426,70.99112054789877,12.70038580806329,1857.953700653134,9106.398163099091,Car
