0.0316099516179445,37.931941941533395,-26742.57115683331,13.83525065960014,6.6768761376896135,37.931941941533395,14.294502408045794,13.149992743797053,-1936.2594869124034,6143.147200358347,Bike
0.03476992439445697,15.646465977505635,-1039.6318362188292,11.940453847824692,4.501440445461114,18.86824847400511,14.24539604351104,12.822281817321002,-599.0200164847158,1914.8629500590455,Bike
0.033340432520326146,13.336173008130459,3.170316315854649,11.753251551367018,4.416252175444274,18.86824847400511,13.565335605879307,12.532756085739035,-533.3262994297486,1921.4774687996514,Bike
0.025946858775677963,13.344098798920095,-347.4773826025299,11.776786995350502,4.426374666896837,18.86824847400511,13.912422922539351,12.532756085739035,-665.1943436354579,1972.5411880529055,Bike
0.03519013425763475,12.66844833274851,110.76010889219489,11.324308408386473,4.711107095085276,18.86824847400511,13.912422922539351,12.364635615161102,-321.8168103811127,2545.340637088825,Bike
0.06848505298221567,12.976115301893495,-882.1945107737041,12.626187238719956,7.731514420446918,38.70602493941816,14.24539604351104,12.364635615161102,-2025.4185855586268,7935.5207141916735,Bike
0.020800221793136255,8.320088717254501,939.6706420636065,12.4976295791521,7.74675089590876,38.70602493941816,14.24539604351104,12.11731371997238,-2154.7289043189216,7936.982406051135,Bike
0.026673163306033795,10.669265322413517,1423.9122817373704,12.120150903541255,8.135220374532361,38.70602493941816,14.24539604351104,12.11731371997238,-2200.064953554494,7920.950322951609,Bike
0.059287691778153934,14.229046026756944,15.69601608393171,12.074152479095527,8.146448897825632,38.70602493941816,14.24539604351104,12.11731371997238,-2180.983722274716,7930.593592149346,Bike
0.027794756293448134,14.294446093773326,0.11584650336158932,12.100934034339982,8.154782177616323,38.70602493941816,14.294502408045794,12.11731371997238,-2276.1801013083673,7914.247760557361,Bike
0.0277951942933451,14.294671350863196,-499.2691706550422,11.94086751745412,8.140867507289547,38.70602493941816,13.928829253565915,11.625176013759813,-2248.598990964344,7923.5538882795,Bike
0.04071182556741854,13.323870185700613,-646.67068577447,11.865083051425184,8.124841470188596,38.70602493941816,13.444623111225498,11.625176013759813,-2228.742394489953,7928.664438284945,Bike
0.07565287986111674,11.34793197916751,1128.04747422564,11.791025741452735,8.117591941740814,38.70602493941816,13.03595699466343,11.595327982709554,-2175.361221265607,7943.456818598497,Bike
0.02620590065834043,18.86824847400511,-4659.252937398396,12.154866191325299,8.258540759638464,38.70602493941816,14.046330698761627,11.872572017301856,-2862.771622894384,8232.165032509596,Bike
0.04132354612909853,12.39706383872956,1766.2785994655108,11.441570785436543,8.26425961337745,38.70602493941816,13.03595699466343,11.52049988207515,-2640.6294636150997,8241.075634277515,Bike
0.04571164792570316,18.284659170281262,-2834.553356953023,11.012760628345385,8.432850690043493,38.70602493941816,13.03595699466343,11.14569576697742,-2709.479104504008,8208.00625462734,Bike
0.0342169537658016,11.198275777898704,-747.5535323460144,10.408519137969996,8.316527893423915,38.70602493941816,12.443901051265616,10.749038933296276,-2054.1394480261247,8705.642293099438,Bike
0.0470465567089471,8.91408442906366,647.6443507949658,12.01330677615624,11.105840648656883,43.29402854162358,13.03595699466343,10.749038933296276,-4710.1506230629675,14476.539846783635,Bike
0.020553678985987745,12.332207391592647,-6002.5777906931635,12.235976841976377,11.085056836057289,43.29402854162358,13.477334781049855,11.467919871153867,-4746.47605067124,14463.293591889798,Bike
0.01487276519353507,2.3279110737707063,-358.73301408203014,12.273501389978177,11.086669879387783,43.29402854162358,13.477334781049855,11.467919871153867,-4444.54289747077,14498.679064396818,Bike
0.19261052406053836,0.03600570602440223,2.218251720447594,12.849330764593756,10.839237706960873,43.29402854162358,13.81628605737068,11.872572017301856,-4426.258915560791,14504.332253199598,Bike
0.08265569478022301,11.902420048352115,274.2425048805177,13.540913178282906,10.4114874959993,43.29402854162358,13.850287419513553,12.340701039318319,-4422.834495318979,14505.4408719725,Bike
0.04985818459483389,13.806881887800154,-2634.1905677983327,13.655869502098227,10.405134975379516,43.29402854162358,13.951127116020192,12.930840190956584,-4474.380504521153,14489.694189771873,Bike
0.02266555948143073,4.294527059639507,6520.073282484375,13.60203684846697,10.407097502514857,43.29402854162358,13.951127116020192,12.75460542272975,-4368.970047063754,14511.438039655275,Bike
0.03225502078284847,38.70602493941816,-33961.275394658085,13.855800094174878,10.228546567077972,43.29402854162358,13.951127116020192,12.75460542272975,-4740.062563360311,14311.847898589505,Bike
0.02890267252926783,10.404962110536419,-3468.4008859796036,12.301315677780973,8.463260931500296,43.29402854162358,13.850287419513553,12.286476400713287,-2895.3477263841064,12625.55532058592,Bike
0.20996539337272402,0.7705152050375192,32.9496573521522,12.609984886074574,8.502941369051895,43.29402854162358,13.951127116020192,12.75460542272975,-2794.1358115197495,12628.83285696967,Bike
0.027081380093052766,9.749296833498995,1805.5369073329382,13.219856116056562,8.03353647509682,43.29402854162358,13.951127116020192,12.873460917480893,-2609.7906166275484,12698.986593342674,Bike
0.02870909442264509,14.764677131646046,-1888.2315645890965,13.897434591726057,8.292724113925972,43.29402854162358,14.342329176405375,13.025319078152954,-2925.799364211348,12661.91356093683,Bike
0.033895631476838196,11.093115756056136,551.7380533838356,13.948024215459611,8.3013748643365,43.29402854162358,14.595277295073144,13.025319078152954,-3028.741137815172,12661.403318774941,Bike
0.11714066861094145,12.778982030284523,-102.13724116722823,13.908090030426436,8.317736302322071,43.29402854162358,14.595277295073144,13.025319078152954,-3082.3038924079274,12647.717790764393,Bike
0.19079944200072016,11.842723986251597,420.9527787124457,13.682845329756876,8.410402071286422,43.29402854162358,14.595277295073144,13.025319078152954,-3137.6386151367924,12636.408981804707,Bike
0.020694156640687533,18.624740976618778,-12620.160558349908,13.353309569320894,8.612975154035626,43.29402854162358,14.595277295073144,13.025319078152954,-3089.297756779487,12652.577894844562,Bike
0.016619562397497185,4.60234035622999,-216.40975181269238,12.89669336776161,8.560718165697256,43.29402854162358,13.951127116020192,12.84908430992612,-2298.567621590003,12519.058689179987,Bike
0.02334970425887232,3.820860696906379,389.28578168734845,13.629236969441731,8.439595445431069,43.29402854162358,14.595277295073144,13.025319078152954,-2352.4325587031194,12511.94400024905,Bike
0.022388272698904334,6.199829362773508,10272.239772604637,14.221172818799838,8.124747548100727,43.29402854162358,15.688800664630637,13.225092048547534,-2389.4312445644687,12504.501704470942,Bike
0.024052238078679768,43.29402854162358,-53867.777033082886,14.509074935551997,7.925115839216836,43.29402854162358,15.688800664630637,13.225092048547534,-2874.756943035963,12171.13261654949,Bike
0.04827147630307319,13.367485745466423,-78.86420137046113,13.012982818758497,4.112208330253519,23.30086634688887,14.566054314510984,13.225092048547534,-205.62035702158133,2020.0278228780958,Bike
0.27619029853438254,13.082698351628647,36.08527331622378,12.858272811296597,4.1561397480090845,23.30086634688887,14.566054314510984,13.025319078152954,-248.00429214245682,2026.1120394949955,Bike
0.04614832855360754,13.84449856608226,6.946624117550647,12.589115659111595,4.312219739174485,23.30086634688887,14.566054314510984,12.84908430992612,-337.2542467991269,2052.0872734093364,Bike
0.06548614379353508,13.867653979807429,70.70665655669447,12.06325426872676,4.768232173698827,23.30086634688887,14.566054314510984,12.344050256495848,-258.7575325797532,2095.5138277865663,Bike
0.0276141182423915,14.201546524658486,-756.6776791629486,12.039960953428107,4.760084502634077,23.30086634688887,14.566054314510984,12.344050256495848,-220.7040516889284,2108.6805781225676,Bike
0.08133201743028456,12.730228815174975,-525.9814186503503,12.150154838204283,4.837635614739421,23.30086634688887,15.688800664630637,12.344050256495848,-210.09206413386306,2106.374103802694,Bike
0.018219039949051153,9.369791973797737,-901.7770434467848,12.220490040108459,4.856701873801299,23.30086634688887,15.688800664630637,12.462905751246991,-145.66190370827277,2115.8895937300813,Bike
0.02327213964637253,7.6163366115401,2933.021344865995,12.58595071572507,4.9056581678572035,23.30086634688887,15.933708259783334,13.170063005215422,-333.28583165386135,2340.8774665256387,Bike
0.041445865691021044,16.578346276408418,-1444.162588692462,12.521944648081393,4.981673532702874,23.30086634688887,15.933708259783334,13.170063005215422,-408.71763652862194,2252.7326664039274,Bike
0.036022055012992396,12.967939804677263,3719.8535551961786,12.227452509987057,4.902721866871832,23.30086634688887,15.688800664630637,12.462905751246991,-21.75998023325037,2688.1231696975037,Bike
0.03883477724481479,23.30086634688887,-4514.638044343053,13.075215360887123,6.303357337221563,29.923196822678566,15.933708259783334,12.66502895178515,-388.70665288057205,2651.1383737928563,Bike
0.021911763342107107,15.776469606317116,-3947.0670366655804,12.803151901718227,5.946073278899697,29.923196822678566,15.933708259783334,12.66502895178515,-165.87370342888474,2466.994114861418,Bike
0.04003390243763827,10.294432055392699,-519.51703847128,12.885566133836935,6.000625885297764,29.923196822678566,16.473819536668987,12.66502895178515,28.307091728868897,2300.961847253513,Bike
0.020685220042233193,8.274088016893277,-1208.8316957445259,13.220050599921828,6.034939023802584,29.923196822678566,16.755284458870122,13.386986939793967,-42.73880922512334,2340.3662219009593,Bike
0.01604780459801433,5.252008777531962,1387.7699458585532,13.439948372648228,5.9243474289999085,29.923196822678566,16.755284458870122,13.386986939793967,-70.13733179546365,2357.87810413622,Bike
0.0290046073332678,9.492416945433098,3194.442145439784,13.46934968984105,5.882887737885945,29.923196822678566,16.755284458870122,13.386986939793967,-143.86889735901775,2332.812320300724,Bike
0.05348114552731233,19.253212389832438,-1293.7084940750258,13.24933195519731,6.1170761388314645,29.923196822678566,16.755284458870122,13.386986939793967,-348.9589047069527,2200.4259143295662,Bike
0.16529554222072282,15.659577684068477,-350.68793553964025,12.390048114747113,6.428441755987049,29.923196822678566,16.473819536668987,13.022114838587461,-293.663823343666,2189.302666638482,Bike
0.029894679244541797,11.957871697816719,565.7258031747454,11.634801577120264,6.894510996373884,29.923196822678566,16.473819536668987,12.31495758461903,-273.70172922977633,2190.5751312289613,Bike
0.08543341187009233,13.372186205753582,-485.0453127952385,11.898149757810984,7.0071708130724275,29.923196822678566,16.755284458870122,13.022114838587461,-431.0578197276653,2239.588357592041,Bike
0.02853690443396791,10.273285596228448,-926.5429037879716,11.875665879206274,7.002912290531373,29.923196822678566,16.755284458870122,12.797276052540358,-350.67056527664613,2266.2439365818313,Bike
0.019248888269821317,7.699555307928526,-1748.9138198171784,12.132871450658392,7.0353542283490915,29.923196822678566,16.755284458870122,13.162148153746864,-304.450244477796,2263.305578754246,Bike
0.021257563178574544,3.3272707583855805,1576.8809085050248,12.517903006712753,6.990535113964699,29.923196822678566,16.755284458870122,13.769360263546414,-232.71758920987995,2237.7055972790413,Bike
0.048395344377735156,13.40178767383435,831.776274373191,13.056077808065334,6.651859967107379,29.923196822678566,16.755284458870122,14.113849819347838,-299.2049149878384,2200.554958400144,Bike
0.06835593425075827,16.405424220181985,-544.4379280616423,13.117986140639463,6.6610022799476125,29.923196822678566,16.755284458870122,14.388443589287679,-329.87692776182723,2188.2017983296814,Bike
0.047123109510861586,14.136932853258475,762.6217898614559,13.090361540033268,6.647783542732862,29.923196822678566,16.755284458870122,14.388443589287679,-366.166021735191,2197.943841003542,Bike
0.037064456635844435,16.679005486129995,-4654.255602358558,12.98210014828966,6.647473461123484,29.923196822678566,16.755284458870122,14.365360555377041,-393.0014620181354,2186.6843230461736,Bike
0.01936065773481441,6.336215258666534,1424.385247370784,12.78438728893624,6.590289819969802,29.923196822678566,16.135729500316174,13.50663770954829,-145.28276810934003,1945.913604138214,Bike
0.03265931629437189,10.688503514521708,6294.990537214971,13.191348438069388,6.420259305987719,29.923196822678566,16.135729500316174,14.283102513383339,-316.41096432919323,1951.0952891599914,Bike
0.09974398940892856,29.923196822678566,-3619.0798977502586,12.908902986778571,6.65608630323786,29.923196822678566,16.135729500316174,14.283102513383339,-548.7989149584696,1285.4215474460557,Bike
0.13394697872633277,17.859597163511037,-57.97905530930242,12.168043613716685,5.361312889685385,17.859597163511037,15.526280820967624,14.283102513383339,-525.2623557538952,1229.330519308861,Bike
0.12100523783813381,17.42475424869127,-63.45113351050975,11.549366503470862,5.3838442798470165,17.42475424869127,15.404489078079532,13.50663770954829,-463.6364939758872,1283.6795433627033,Bike
0.03774249194909001,16.984121377090506,-1940.435057551125,11.229753053747482,5.203408474449289,17.2248353116311,15.179553628334583,12.82362846636049,-417.4357653248492,1315.084492491999,Bike
0.04928016905552743,12.67204347142134,-1756.8021471513307,11.075598487522514,5.067862773271654,17.2248353116311,14.756468084347874,12.82362846636049,-277.136431644483,1293.5538346883957,Bike
0.05028919132306666,5.840035121388387,-86.86136541253035,11.257263318811033,5.191708709614674,17.2248353116311,15.179553628334583,13.411769343125268,-190.41028978082596,1246.4151118670723,Bike
0.016973540841860882,5.092062252558264,-907.3580015189149,11.777124784147587,5.141021186839978,17.2248353116311,15.404489078079532,13.995898419014178,-215.62587566579518,1249.3078907533222,Bike
0.016655147734452192,2.067535580828548,-187.80686680929313,12.235856045740329,4.917589546490272,17.2248353116311,15.404489078079532,14.178727134925145,-140.7113008312953,1250.5669183123268,Bike
0.19042877982580275,0.5546469315314644,48.55394673815428,13.149487798160248,4.6172546309732265,20.340170629226982,15.526280820967624,14.371062862871284,-430.7493164413998,1809.7280123647583,Bike
0.028708058852718505,17.2248353116311,-2581.396006783033,13.806065806433281,3.539981591899141,20.340170629226982,15.526280820967624,14.371062862871284,-394.5087084832182,1827.0063059111476,Bike
0.028716685852576394,12.922508633659378,1122.6997762251447,13.725805158939057,3.4760086818348683,20.340170629226982,15.467953359389753,14.371062862871284,-274.24713412027216,1753.1479956587705,Bike
0.12419569825912598,15.41739702527081,-2.1364878109700913,13.806832797711047,3.4751857479598076,20.340170629226982,15.467953359389753,14.50924982521435,-343.721724736647,1722.1328656532971,Bike
0.06416744345423239,15.400186429015774,-314.2607144588577,13.581549214555034,3.5111407634105913,20.340170629226982,15.455045412198475,14.371062862871284,-283.73414520842925,1755.2351631325178,Bike
0.031312815078749334,14.0907667854372,247.13439294585697,13.50682804905595,3.486214113330812,20.340170629226982,15.234412611517284,14.178727134925145,-265.4893156097419,1756.796921501772,Bike
0.0813330795850938,14.639954325316882,218.33601889341273,13.506017178654938,3.4860730277730254,20.340170629226982,15.234412611517284,14.170618430915031,-276.36719176439,1754.1272754038873,Bike
0.04843951508017742,15.852932208058064,-1270.2198075289168,13.481854829850619,3.4794683941196523,20.340170629226982,15.234412611517284,14.115628363323772,-304.92634679999617,1750.2946047996134,Bike
0.03990568339462125,11.971705018386373,225.91298420256808,13.357838355596055,3.434420445857489,20.340170629226982,14.68379839718463,13.990156248225489,-329.07851227097365,1767.5632090346032,Bike
0.07422769841119267,12.7247482990616,300.1182758173504,13.208725351206516,3.5602072227171266,20.340170629226982,14.68379839718463,13.990156248225489,-316.6759600691157,1772.5256965758292,Bike
0.06835623613961142,14.475438241329478,-1998.1786770262788,13.160199691019804,3.573739359834459,20.340170629226982,14.68379839718463,13.990156248225489,-344.25276730772094,1766.705429807199,Bike
0.03079752187542178,5.039594488705382,1647.2315246294406,12.99969612979354,3.5836320724584074,20.340170629226982,14.68379839718463,13.903396585812581,-214.9655097376636,1733.6032710031923,Bike
0.04615725082662483,15.106009361440853,-3148.3487136587705,13.482358311224488,3.068088842895609,20.340170629226982,14.796130928353422,13.990156248225489,-406.8330224189429,1729.0005527946191,Bike
0.025906370637807877,5.486054958594609,1174.5381802508566,13.279189854935646,3.089376081899502,20.340170629226982,14.580505586155486,13.903396585812581,-222.71372541807258,1613.9318701605155,Bike
0.03677495084741218,11.032485254223655,860.563439510251,13.623773772083945,2.503109201507415,20.340170629226982,14.580505586155486,13.903396585812581,-254.51544810748524,1591.0548913536734,Bike
0.038613972368308776,13.901030052591159,865.551616056201,13.79574523237408,2.43287398379401,20.340170629226982,14.580505586155486,13.990156248225489,-245.14139456712837,1598.5052514737501,Bike
0.04982187251919691,16.305340097191717,-22.279309878189867,13.98440736404433,2.5831301179201516,20.340170629226982,14.924534178429854,14.115628363323772,-347.30355691026034,1589.0485496833428,Bike
0.054124214760398234,16.23726442811947,-591.173083111914,13.921999367839385,2.5388028727216048,20.340170629226982,14.783923631266436,14.115628363323772,-439.70552853057814,1622.5321759570008,Bike
0.14662984358980122,14.26668748441309,590.9334951710814,13.655181961500887,2.5629705271014633,20.340170629226982,14.580505586155486,13.990156248225489,-320.6443249216404,1696.5128768010013,Bike
0.022600189588029982,20.340170629226982,-5988.567179011384,13.685787956688467,2.574287087560379,20.340170629226982,14.739330435034375,13.990156248225489,-376.21221503064896,1683.2322445508025,Bike
0.03421551774248028,13.686207096992112,773.3661059017869,13.340438640884088,2.0430859402287074,17.6742726859961,14.580505586155486,13.795985108013058,-93.51427452527969,1044.710615176554,Bike
0.0954532477662291,15.619622361746579,-176.164519524113,13.285961455578454,2.0479012818897493,17.6742726859961,14.580505586155486,13.66947371608671,-208.8167515450644,1070.9272463540617,Bike
0.19794722473496162,14.543061409099222,-266.7920361023519,12.943228077723356,2.2044010774362364,17.6742726859961,14.489701197294535,13.40289351805309,-145.59545357013047,1109.5808878982793,Bike
0.027279313405376357,10.911725362150543,1197.6151027533845,12.790355427497449,2.193604166824029,17.6742726859961,14.235509126929504,12.984633056923096,-90.63624260803752,1130.2907426978675,Bike
0.04635254373011335,13.905763119034004,50.635877514890204,12.923098602511413,2.153906585306079,17.6742726859961,14.235509126929504,13.40289351805309,-147.1669951859714,1090.0248488258674,Bike
0.03909597049282492,14.074549377416972,29.576869852895626,12.921959346213288,2.1533654311402173,17.6742726859961,14.235509126929504,13.40289351805309,-142.99677737603486,1090.980557617882,Bike
0.03145934966495682,14.15670734923057,-352.847081818712,12.957060854900556,2.178714987361234,17.6742726859961,14.527145374350798,13.40289351805309,-150.65722621698865,1090.2426731820947,Bike
0.03343150680741692,13.372602722966766,-1753.2631169484646,12.946843762675082,2.1732654642268527,17.6742726859961,14.527145374350798,13.40289351805309,-140.6630654141627,1089.2073303190007,Bike
0.052438428761807696,8.989444930595605,473.96402823972664,12.937590935322252,2.1717507786310892,17.6742726859961,14.527145374350798,13.310365244524782,-59.016434421949974,1021.0338053084474,Bike
0.022855457129803167,11.754235095327344,-251.41786895475502,13.124098400928824,1.965190394338606,17.6742726859961,14.527145374350798,13.310365244524782,-86.4074484128767,1013.3019837124333,Bike
0.06571464093135788,11.265367016804209,587.566474374869,13.144670263956764,1.9522063551790494,17.6742726859961,14.527145374350798,13.310365244524782,-49.224440020973546,1020.5466250111823,Bike
0.0244880635288738,14.692838117324278,-2190.118728996145,13.292236009844876,1.9138415315634147,17.6742726859961,14.527145374350798,13.499886587784626,-88.0047170707151,1009.754568844701,Bike
0.02760660058916009,11.042640235664036,534.0372263586353,13.229253395161162,1.8858453799192239,17.6742726859961,14.280490065931453,13.433185068394703,19.56387497036217,880.3290195762202,Bike
0.048135629506069096,12.377733301560625,538.5037264626036,13.343937313538635,1.8142561324583522,17.6742726859961,14.280490065931453,13.433185068394703,-7.382253283773278,871.9608130275114,Bike
0.044219738627858156,14.471914460026305,1048.0445103173877,13.391255911280771,1.8000152498326845,17.6742726859961,14.280490065931453,13.433185068394703,-33.49337946393623,862.5217058358414,Bike
0.039276161524435776,17.6742726859961,-1177.6916308064378,13.335222218004565,1.7819567294045175,17.6742726859961,14.018444612182455,13.392212453820814,-21.23665673105389,880.258960855,Bike
0.0334604003846509,15.057180173092906,-1870.3187422845485,13.226835527177789,1.5557081559969972,15.506538869460606,14.018444612182455,13.392212453820814,50.052118659870175,838.4121765526154,Bike
0.024224258447443255,10.900916301349465,1790.0509890668416,13.27342272781679,1.6257774554197382,15.988924185872913,14.018444612182455,13.392212453820814,96.54803800662447,747.1242772486131,Bike
0.04133002052267964,14.878807388164669,-520.4243070090911,13.397211961577758,1.5268698376538445,15.988924185872913,14.018444612182455,13.404942644854133,14.092436158832957,632.6110807353879,Bike
0.03358296078284854,13.433184313139416,-334.60836890399577,13.347553951795788,1.4918978399066045,15.988924185872913,13.902326770574236,13.404942644854133,-13.419609087269976,668.0526123153187,Bike
0.031491658477198564,12.596663390879426,-1532.6834344939066,13.191732893776557,1.6380697947337932,15.988924185872913,13.902326770574236,13.363970785535532,70.97589427902804,729.1633437968563,Bike
0.02191238701161165,8.76495480464466,1088.2614399745642,13.228104737250543,1.6322270156618093,15.988924185872913,13.902326770574236,13.363970785535532,-25.726818572899152,1022.3443218463873,Bike
0.028714021011452675,11.48560840458107,832.3921831395076,13.02271979859471,2.3318754180115153,15.988924185872913,13.902326770574236,13.363970785535532,-106.27110745467742,992.9954680207261,Bike
0.06406444740591868,13.566588862429839,67.00005119470714,12.579680780952419,3.285878767793882,15.988924185872913,13.902326770574236,13.363970785535532,-94.44882573537213,1006.0803796558973,Bike
0.09255318662047675,13.882977993071512,134.04023371361953,12.49278680074122,3.2813824561486773,15.988924185872913,13.902326770574236,13.343779598857854,-84.09196273682389,1008.8920860468876,Bike
0.09851053034108206,14.776579551162309,-123.63210696618036,12.447185303824117,3.2673533660171428,15.988924185872913,13.902326770574236,13.3302119298084,-124.4441955970422,1015.8240565083267,Bike
0.06976182752360553,13.952365504721106,-152.96386576219163,12.197999906789377,3.270391886475317,15.988924185872913,13.546301165868812,13.324102758381226,-141.38397434941186,1018.6307842382382,Bike
0.05128490179520613,13.187546175910148,-120.33049710420971,11.874418291573306,3.4050620523384962,15.988924185872913,13.390822188339135,13.255823218134648,-168.77476764061285,1026.2950541567452,Bike
0.09539695682045332,12.71959424272711,-73.85625157880824,11.482014072694335,3.686363449349561,15.988924185872913,13.390822188339135,13.147524157544288,-181.00476662485167,1027.144431573229,Bike
0.05069030148285853,12.165672355886048,492.2422988833088,10.991363958211519,4.138317375385528,15.988924185872913,13.390822188339135,13.147524157544288,-155.88919781217766,1036.0053012924848,Bike
0.059236174727360424,14.216681934566502,-188.03906661996308,10.65337601610087,4.309849690651938,15.988924185872913,13.390822188339135,13.147524157544288,-226.51752645523965,1037.642876258293,Bike
0.033582964559124975,13.433185823649989,-38.74688817459884,9.944409681812633,4.827941510592331,15.988924185872913,13.357605690018874,12.399828656467612,-216.9678535262139,1038.8937658761736,Bike
0.03334079650803373,13.336318603213492,-4.885338724074018,9.8399328480775,4.77074069779911,15.988924185872913,13.340049101035673,11.586179203576558,-204.6857936099114,1042.5571881358803,Bike
0.022206842094005513,13.324105256403307,16.281202859345,9.944320153430207,4.873015117770252,15.988924185872913,13.357605690018874,11.586179203576558,-191.13662031641334,1047.0416971658,Bike
0.022252067657503694,13.351240594502215,1293.1789649750342,10.089972006659599,5.020650118657917,16.237142320991158,13.503937530557957,11.586179203576558,-202.88362462194996,1045.9094626173044,Bike
0.03015160335728451,15.506538869460606,248.08387701204353,10.194787016841435,5.113344623278498,16.237142320991158,14.270251571960863,11.586179203576558,-268.37639909345893,986.6287420423499,Bike
0.04441367829409142,15.988924185872913,-940.4003553494624,10.18975254771846,5.107886208693827,16.237142320991158,14.265697766144225,11.586179203576558,-330.41511379684204,991.4426690763072,Bike
0.04830475352649862,13.37670097656885,140.93895211101125,10.064087244450018,4.987195258612742,16.237142320991158,13.57812538850934,11.586179203576558,-254.10435564067134,1000.7139922996062,Bike
0.046285490641750936,13.88564719252528,-1070.66521193115,10.134123635843881,5.045656242351506,16.237142320991158,14.108592595505495,11.586179203576558,-254.79708590230362,1000.4308915800273,Bike
0.022926140339455066,10.31676315275478,1353.3016984219646,10.208718742786207,5.114595146977477,16.237142320991158,14.927458936177544,11.586179203576558,-190.9848261801012,986.2540391208126,Bike
0.03331025065089786,13.324100260359145,-3466.7376915324503,10.564548042973504,5.363982750644552,17.433349156500746,15.384624370279083,12.399828656467612,-327.3950003046276,949.4022314614299,Bike
0.018111551233720075,4.65725603152802,-522.624337661002,10.636339480996142,5.412251797796592,17.433349156500746,15.384624370279083,12.399828656467612,-159.47809915826514,596.2378567009521,Bike
0.022602686001053408,2.6248280517352343,1068.8378175256137,11.117384315214734,5.278766816835483,17.433349156500746,15.384624370279083,13.223283087616728,-89.76683519167672,631.9788322956377,Bike
0.049286288575857484,11.828709258205796,274.1373111656721,11.869528509303391,5.072687781632427,17.667711933508407,15.4104032928177,13.87688541820195,-222.00810076601533,653.1413848618714,Bike
0.06125169914733342,12.97094805472943,-673.0044234907472,11.964480206323378,5.089628486046139,17.667711933508407,15.4104032928177,14.00294795725269,-233.6279331236844,645.8769002325929,Bike
0.04896435805233784,9.792871610467568,-462.4276820135728,12.014494323854098,5.104930975283758,17.667711933508407,15.4104032928177,14.12469156062187,-216.331349031735,638.0760237808562,Bike
0.022857795890110208,7.480733200399704,-700.7797315862117,12.141644078184974,5.078284089122879,17.667711933508407,15.4104032928177,14.12469156062187,-159.30804984961844,665.3048278115974,Bike
0.03559641198887149,5.339461798330723,-364.93047678898637,12.469155540722836,4.971977130027704,17.667711933508407,15.4104032928177,14.154557583528423,-120.7211590203666,654.5400840983081,Bike
0.016955119726246415,2.906591953070814,428.4551246746725,12.914571391905636,4.690716684975833,17.667711933508407,15.4104032928177,14.262965768943296,-104.19481940900134,652.218151655519,Bike
0.03153449549642624,5.40591351367307,-920.324273977932,13.459172774595888,4.057116637745732,17.667711933508407,15.4104032928177,14.262965768943296,-103.52389496663932,652.8015575538141,Bike
0.14295646187288805,0.037355248801799884,2.954391960551925,13.95859081503082,3.602959153160512,17.667711933508407,15.4104032928177,14.519040868355871,-56.9105581008548,624.0597624308973,Bike
0.22372196932646102,11.34364914894732,206.8943101514516,14.727929576626533,1.5070770375815083,17.667711933508407,15.42408115287973,14.768678912629007,-38.041297620107386,631.6246413933462,Bike
0.047129086614706606,15.424064710267615,266.0981271458867,14.990061082344562,1.3333810164571882,17.667711933508407,15.429983060071784,15.07748906790895,-133.4680761438141,729.2927376810294,Bike
0.05863412504802362,16.237142320991158,-218.65888325138732,14.788198839669496,1.5519124813600254,17.667711933508407,15.429983060071784,14.768678912629007,-251.67312260924308,843.7318396073349,Bike
0.038618851995347314,15.447540798138926,-16.676524455145625,14.254293438380106,2.545761762455883,17.667711933508407,15.410419735429814,14.519040868355871,-204.53460812030838,871.5506339282442,Bike
0.029955818446946506,15.405849487001062,-992.6904170556178,13.940895964865152,2.7673049666788807,17.667711933508407,15.39716811352902,14.262965768943296,-178.05496857566143,885.4921710287601,Bike
0.029945818045564506,13.475618120504027,585.814807773951,13.70794526427953,2.832816822105694,17.667711933508407,15.381730579121736,14.139370636571847,-47.75492540697909,948.7839425971379,Bike
0.06978230268766233,14.77742880444614,127.08434687836584,13.773169937808515,2.8421882912398186,17.667711933508407,15.381730579121736,14.262965768943296,-78.2918187440498,937.0752111336346,Bike
0.15377549331371757,15.377549331371757,205.57998251289894,13.767765619592073,2.8402803468367988,17.667711933508407,15.381730579121736,14.262965768943296,-87.96094050237483,935.8414091060602,Bike
0.03389817891541812,17.433349156500746,-1374.9017840685644,13.72498882077511,2.8211377462338736,17.667711933508407,14.933652273905716,14.262965768943296,-99.06542581290518,933.4896759774352,Bike
0.06559968453694165,14.759929020811871,-108.39966860519992,13.576670410085413,2.690883188918898,17.667711933508407,14.764974663379835,14.262965768943296,-34.326634006669195,883.9336303811427,Bike
0.05552614945072172,14.278152715899871,871.6009416707664,13.528637194536888,2.6771891964504326,17.667711933508407,14.697034727858856,14.139370636571847,-28.580326593646124,883.8002976655473,Bike
0.04416927983377102,17.667711933508407,-1575.9874939611584,13.50559924974164,2.6723781032926404,17.667711933508407,14.697034727858856,14.00109642825042,-73.74594830309202,858.0835800813221,Bike
0.08007850199186549,13.727743198605511,41.740664012289635,13.310000282293368,2.4885495181739423,16.586279263307876,14.55884562630367,13.894312112669395,20.66240472775033,784.8496764165981,Bike
0.06985615202671934,13.971230405343867,-327.07274165175767,13.337414715478214,2.4964013281245716,16.586279263307876,14.55884562630367,14.00109642825042,47.27900022924003,794.5684342100694,Bike
0.0308396667427127,12.335866697085079,678.038301628758,13.424413860081401,2.549408523619764,16.586279263307876,14.697034727858856,14.139370636571847,54.932950753678185,791.5039539101833,Bike
0.04287238526742409,14.030962451156974,70.95808499882571,13.56659881450318,2.5647559103704656,16.586279263307876,14.879975139692979,14.26190534214458,10.152896078014695,779.6416267675166,Bike
0.18601266795371552,14.247778821986719,-34.40368456168144,13.587768515907285,2.5705313978049937,16.586279263307876,14.879975139692979,14.36519417077073,11.578844068444912,779.7847585468835,Bike
0.04982834858038511,13.798619606875878,441.87361352191266,13.62020340872711,2.5833583271217844,16.586279263307876,14.967248955167545,14.460668710972904,-4.661131480302279,784.1626883906306,Bike
0.03848568580592918,15.394274322371674,11.942463337758369,13.62021799631771,2.583359388442654,16.586279263307876,14.967248955167545,14.460668710972904,-30.328095523252337,777.1474500095173,Bike
0.04712928757996577,15.42413048071607,380.33960157550035,13.530524061003371,2.549441485846446,16.586279263307876,14.809202862908586,14.36519417077073,-169.42437320122937,989.2094723252612,Bike
0.050680297748996295,16.586279263307876,-1701.6412603226825,13.208505393586663,2.699968905205701,16.586279263307876,14.697034727858856,14.046712841148683,-138.69403589157417,1016.3609982856694,Bike
0.03163005515768429,11.386819856766346,-2098.0028021626945,13.104753272531644,2.601409259291888,15.711213297407651,14.55884562630367,14.046712841148683,-180.50475071252995,1097.9649394551739,Bike
0.027795171476016525,5.559034295203305,724.1114065273082,13.01423816489825,2.694170743069467,15.711213297407651,14.55884562630367,14.046712841148683,-142.18393657099944,1039.3275640373145,Bike
0.02804875127951064,9.179591327839846,512.9162664377926,12.95619273436177,2.870012909927948,15.711213297407651,14.55884562630367,14.046712841148683,-187.77842831301564,1047.0558725579644,Bike
0.026867088688221644,10.746835475288657,1613.3104463180296,13.154961229441868,2.8036595172705736,15.711213297407651,14.595677897574856,14.276031862302442,-226.7059113547272,1063.1700286946225,Bike
0.06568938484926103,14.780111591083731,-24.92305896746272,13.288745993561491,2.8218462897883407,15.711213297407651,14.632510168846043,14.36519417077073,-334.9421676884188,988.3952268037929,Bike
0.032598538755816066,14.66934244011723,-66.29808828813628,13.201018605471948,2.883280198621851,15.711213297407651,14.522013355032483,14.276031862302442,-354.31836198347855,1017.4701683305328,Bike
0.048406711183441614,14.522013355032483,-16.5097236977072,13.109248365806618,2.9520857253433386,15.711213297407651,14.513930970413739,14.046712841148683,-373.51971356316807,1050.1767570625434,Bike
0.1205581745225566,14.466980942706792,-80.12594794384484,13.01506403319156,3.0307140448628376,15.711213297407651,14.489108892457143,13.817393819994923,-399.0204271249867,1084.98978912911,Bike
0.03833129086067061,13.799264709841419,6.526479655261497,12.9113556825119,3.117377449124851,15.711213297407651,14.497016751465374,13.808329264918171,-423.5507716773822,1125.2451833706145,Bike
0.026867154649990125,13.817393819994923,-31.711492518151374,12.843054988101938,3.2337480941896892,15.711213297407651,14.511236842207492,13.817393819994923,-459.39054262176916,1167.5047346641477,Bike
0.02292622097423827,13.755732584542962,312.17956665568846,12.761860085444185,3.363670523998227,15.711213297407651,14.607546801251406,14.037471610495174,-498.2704562675526,1216.3142219698636,Bike
0.03569007965575611,14.276031862302442,574.0725740420835,12.67150804007157,3.51254170618032,15.711213297407651,14.703856760295322,14.276031862302442,-579.3154585598767,1250.4084089270655,Bike
0.04800648507541227,15.711213297407651,-173.9937311629943,12.511055657848484,3.6598048826382437,15.711213297407651,14.800166719339238,14.126633918963462,-707.469684404539,1254.6700361984429,Bike
0.05059855261840242,15.179565785520724,-217.5627918845121,12.155482586786356,3.6940602190041965,15.179565785520724,14.511236842207492,13.798911358687906,-774.154178559732,1324.1387514208607,Bike
0.0642415843521734,14.454356479239017,99.47704480743039,11.777472186944559,3.7584273519853015,14.896476678383152,14.468576569981135,13.699653487386396,-853.6672337990493,1409.4534270244199,Bike
0.04551701207283741,14.896476678383152,-359.20319553662586,11.395060145188207,3.8878239590411003,14.896476678383152,14.155074100447699,13.600395616084883,-1012.5246135667959,1473.733745235209,Bike
0.03833030932968863,13.798911358687906,-71.4656673370883,10.81149072298905,3.9086522858110064,14.511236842207492,13.749282423037151,11.588456660091662,-1143.18889717283,1608.3579443734404,Bike
0.02266732602680814,13.600395616084883,-2769.9830902217823,10.21400659584928,4.052104237040269,14.511236842207492,13.600395616084883,9.57651770409844,-1411.1197046317652,1723.5160532280802,Bike
0.04990976184656618,8.983757132381912,994.9463477686043,9.36740934079038,4.136973803232402,14.511236842207492,10.810197488625704,9.280137418240177,-958.1652427684261,1795.7602600210598,Bike
0.0282162938598479,14.511236842207492,-2537.8555567417975,9.495293410259865,5.057044824954815,14.511236842207492,12.043877273152965,9.57651770409844,-1934.721038036941,852.9610162877769,Bike
